{"jplag_version":{"major":4,"minor":2,"patch":0},"submission_folder_path":["/Users/buiphukhuyen/Desktop/LTWeb/tes"],"base_code_folder_path":"","language":"C/C++ Scanner [basic markup]","file_extensions":[".cpp",".CPP",".cxx",".CXX",".c++",".C++",".c",".C",".cc",".CC",".h",".H",".hpp",".HPP",".hh",".HH"],"submission_id_to_display_name":{"A_292_2280600970_Phạm-Hoàng-Phi-Hiếu.cpp":"A_292_2280600970_Phạm-Hoàng-Phi-Hiếu.cpp","B_221_2280600925_Bùi-Thanh-Hiệp.cpp":"B_221_2280600925_Bùi-Thanh-Hiệp.cpp","D_568_2280601784_Nguyễn-Văn-Hoàng-Long.cpp":"D_568_2280601784_Nguyễn-Văn-Hoàng-Long.cpp","B_592_2280600009_Hoàng-Kim-Thái-An.cpp":"B_592_2280600009_Hoàng-Kim-Thái-An.cpp","B_267_2280600784_Nguyễn-Nhật-Hà.cpp":"B_267_2280600784_Nguyễn-Nhật-Hà.cpp","A_259_2280601971_Từ-Quang-Minh.cpp":"A_259_2280601971_Từ-Quang-Minh.cpp","B_345_2280601117_Trần-Phi-Hùng.cpp":"B_345_2280601117_Trần-Phi-Hùng.cpp","C_277_2280601181_Nguyễn-Hồng-Ngọc-Huy.cpp":"C_277_2280601181_Nguyễn-Hồng-Ngọc-Huy.cpp","A_240_2280601133_Đặng-Hoàng-Huy.cpp":"A_240_2280601133_Đặng-Hoàng-Huy.cpp","B_359_2280601021_Đặng-Lê-Hoàng.cpp":"B_359_2280601021_Đặng-Lê-Hoàng.cpp","A_297_2280601990_Đỗ-Hoàng-Nam.cpp":"A_297_2280601990_Đỗ-Hoàng-Nam.cpp","D_349_2280600849_Phạm-Đình-Hào.cpp":"D_349_2280600849_Phạm-Đình-Hào.cpp","A_171_2280600784_Nguyễn-Nhật-Hà.cpp":"A_171_2280600784_Nguyễn-Nhật-Hà.cpp","D_520_2280601665_Nguyễn-Xuân-Kin.cpp":"D_520_2280601665_Nguyễn-Xuân-Kin.cpp","C_295_2280600925_Bùi-Thanh-Hiệp.cpp":"C_295_2280600925_Bùi-Thanh-Hiệp.cpp","B_314_2280600060_Lê-Hoàng-Anh.cpp":"B_314_2280600060_Lê-Hoàng-Anh.cpp","A_278_2280600368_Nguyễn-Quí-Danh.cpp":"A_278_2280600368_Nguyễn-Quí-Danh.cpp","D_573_2280600784_Nguyễn-Nhật-Hà.cpp":"D_573_2280600784_Nguyễn-Nhật-Hà.cpp","A_187_2280600693_Lê-Quý-Đôn.cpp":"A_187_2280600693_Lê-Quý-Đôn.cpp","A_199_2280601950_Nguyễn-Trần-Bảo-Minh.cpp":"A_199_2280601950_Nguyễn-Trần-Bảo-Minh.cpp","D_322_2280600368_Nguyễn-Quí-Danh.cpp":"D_322_2280600368_Nguyễn-Quí-Danh.cpp","A_217_2280601733_Trần-Thị-Diệu-Linh.cpp":"A_217_2280601733_Trần-Thị-Diệu-Linh.cpp","A_247_2280601021_Đặng-Lê-Hoàng.cpp":"A_247_2280601021_Đặng-Lê-Hoàng.cpp","A_242_2280601754_Lê-Hoàng-Long.cpp":"A_242_2280601754_Lê-Hoàng-Long.cpp","B_172_2280600849_Phạm-Đình-Hào.cpp":"B_172_2280600849_Phạm-Đình-Hào.cpp","A_336_2280600587_Lê-Phát-Đạt.cpp":"A_336_2280600587_Lê-Phát-Đạt.cpp","B_332_2280601880_Bùi-Lê-Thị-Trúc-Ly.cpp":"B_332_2280601880_Bùi-Lê-Thị-Trúc-Ly.cpp","B_203_2280600368_Nguyễn-Quí-Danh.cpp":"B_203_2280600368_Nguyễn-Quí-Danh.cpp","D_337_2280601181_Nguyễn-Hồng-Ngọc-Huy.cpp":"D_337_2280601181_Nguyễn-Hồng-Ngọc-Huy.cpp","C_567_2280601754_Lê-Hoàng-Long.cpp":"C_567_2280601754_Lê-Hoàng-Long.cpp","A_291_2280600970_Phạm-Hoàng-Phi-Hiếu.cpp":"A_291_2280600970_Phạm-Hoàng-Phi-Hiếu.cpp","C_399_2280601665_Nguyễn-Xuân-Kin.cpp":"C_399_2280601665_Nguyễn-Xuân-Kin.cpp","A_150_2280600849_Phạm-Đình-Hào.cpp":"A_150_2280600849_Phạm-Đình-Hào.cpp","B_348_2280601971_Từ-Quang-Minh.cpp":"B_348_2280601971_Từ-Quang-Minh.cpp","C_591_2280601880_Bùi-Lê-Thị-Trúc-Ly.cpp":"C_591_2280601880_Bùi-Lê-Thị-Trúc-Ly.cpp","A_285_2280602017_Nguyễn-Nhật-Nam.cpp":"A_285_2280602017_Nguyễn-Nhật-Nam.cpp","A_299_2280601990_Đỗ-Hoàng-Nam.cpp":"A_299_2280601990_Đỗ-Hoàng-Nam.cpp","A_190_2280600943_Hoàng-Trung-Hiếu.cpp":"A_190_2280600943_Hoàng-Trung-Hiếu.cpp","A_245_2280600263_Lê-Thanh-Bình.cpp":"A_245_2280600263_Lê-Thanh-Bình.cpp","B_202_2280600368_Nguyễn-Quí-Danh.cpp":"B_202_2280600368_Nguyễn-Quí-Danh.cpp","D_602_2280601880_Bùi-Lê-Thị-Trúc-Ly.cpp":"D_602_2280601880_Bùi-Lê-Thị-Trúc-Ly.cpp","A_262_2280601784_Nguyễn-Văn-Hoàng-Long.cpp":"A_262_2280601784_Nguyễn-Văn-Hoàng-Long.cpp","B_338_2280601880_Bùi-Lê-Thị-Trúc-Ly.cpp":"B_338_2280601880_Bùi-Lê-Thị-Trúc-Ly.cpp","A_195_2280601806_Lê-Hữu-Lộc.cpp":"A_195_2280601806_Lê-Hữu-Lộc.cpp","B_263_2280600693_Lê-Quý-Đôn.cpp":"B_263_2280600693_Lê-Quý-Đôn.cpp","B_286_2280601665_Nguyễn-Xuân-Kin.cpp":"B_286_2280601665_Nguyễn-Xuân-Kin.cpp","B_334_2280601950_Nguyễn-Trần-Bảo-Minh.cpp":"B_334_2280601950_Nguyễn-Trần-Bảo-Minh.cpp","A_210_2280601880_Bùi-Lê-Thị-Trúc-Ly.cpp":"A_210_2280601880_Bùi-Lê-Thị-Trúc-Ly.cpp","B_303_2280601806_Lê-Hữu-Lộc.cpp":"B_303_2280601806_Lê-Hữu-Lộc.cpp","B_350_2280602017_Nguyễn-Nhật-Nam.cpp":"B_350_2280602017_Nguyễn-Nhật-Nam.cpp","A_252_2280601117_Trần-Phi-Hùng.cpp":"A_252_2280601117_Trần-Phi-Hùng.cpp","B_327_2280601784_Nguyễn-Văn-Hoàng-Long.cpp":"B_327_2280601784_Nguyễn-Văn-Hoàng-Long.cpp","D_569_2280601754_Lê-Hoàng-Long.cpp":"D_569_2280601754_Lê-Hoàng-Long.cpp","C_341_2280600693_Lê-Quý-Đôn.cpp":"C_341_2280600693_Lê-Quý-Đôn.cpp","B_353_2280600970_Phạm-Hoàng-Phi-Hiếu.cpp":"B_353_2280600970_Phạm-Hoàng-Phi-Hiếu.cpp","C_578_2280602017_Nguyễn-Nhật-Nam.cpp":"C_578_2280602017_Nguyễn-Nhật-Nam.cpp","D_325_2280600925_Bùi-Thanh-Hiệp.cpp":"D_325_2280600925_Bùi-Thanh-Hiệp.cpp","C_563_2280601806_Lê-Hữu-Lộc.cpp":"C_563_2280601806_Lê-Hữu-Lộc.cpp","A_184_2280601181_Nguyễn-Hồng-Ngọc-Huy.cpp":"A_184_2280601181_Nguyễn-Hồng-Ngọc-Huy.cpp","A_293_2280600970_Phạm-Hoàng-Phi-Hiếu.cpp":"A_293_2280600970_Phạm-Hoàng-Phi-Hiếu.cpp","B_330_2280601133_Đặng-Hoàng-Huy.cpp":"B_330_2280601133_Đặng-Hoàng-Huy.cpp","A_276_2280600060_Lê-Hoàng-Anh.cpp":"A_276_2280600060_Lê-Hoàng-Anh.cpp","B_232_2280601181_Nguyễn-Hồng-Ngọc-Huy.cpp":"B_232_2280601181_Nguyễn-Hồng-Ngọc-Huy.cpp","C_351_2280600943_Hoàng-Trung-Hiếu.cpp":"C_351_2280600943_Hoàng-Trung-Hiếu.cpp","B_610_2280600943_Hoàng-Trung-Hiếu.cpp":"B_610_2280600943_Hoàng-Trung-Hiếu.cpp","C_311_2280600849_Phạm-Đình-Hào.cpp":"C_311_2280600849_Phạm-Đình-Hào.cpp","C_565_2280601784_Nguyễn-Văn-Hoàng-Long.cpp":"C_565_2280601784_Nguyễn-Văn-Hoàng-Long.cpp","C_572_2280600784_Nguyễn-Nhật-Hà.cpp":"C_572_2280600784_Nguyễn-Nhật-Hà.cpp","A_180_2280600009_Hoàng-Kim-Thái-An.cpp":"A_180_2280600009_Hoàng-Kim-Thái-An.cpp","A_306_2280602129_Trịnh-Nguyễn-Bảo-Nguyên.cpp":"A_306_2280602129_Trịnh-Nguyễn-Bảo-Nguyên.cpp","B_584_2280600587_Lê-Phát-Đạt.cpp":"B_584_2280600587_Lê-Phát-Đạt.cpp","A_236_2280601665_Nguyễn-Xuân-Kin.cpp":"A_236_2280601665_Nguyễn-Xuân-Kin.cpp","B_308_2280601733_Trần-Thị-Diệu-Linh.cpp":"B_308_2280601733_Trần-Thị-Diệu-Linh.cpp","A_196_2280600925_Bùi-Thanh-Hiệp.cpp":"A_196_2280600925_Bùi-Thanh-Hiệp.cpp","B_326_2280601754_Lê-Hoàng-Long.cpp":"B_326_2280601754_Lê-Hoàng-Long.cpp","C_355_2280601021_Đặng-Lê-Hoàng.cpp":"C_355_2280601021_Đặng-Lê-Hoàng.cpp","D_574_2280600784_Nguyễn-Nhật-Hà.cpp":"D_574_2280600784_Nguyễn-Nhật-Hà.cpp","B_179_2280600001_Nguyễn-Ân.cpp":"B_179_2280600001_Nguyễn-Ân.cpp","C_234_2280600368_Nguyễn-Quí-Danh.cpp":"C_234_2280600368_Nguyễn-Quí-Danh.cpp","D_566_2280601806_Lê-Hữu-Lộc.cpp":"D_566_2280601806_Lê-Hữu-Lộc.cpp"},"submission_ids_to_comparison_file_name":{"D_568_2280601784_Nguyễn-Văn-Hoàng-Long.cpp":{"D_520_2280601665_Nguyễn-Xuân-Kin.cpp":"D_520_2280601665_Nguyễn-Xuân-Kin.cpp-D_568_2280601784_Nguyễn-Văn-Hoàng-Long.cpp.json","D_566_2280601806_Lê-Hữu-Lộc.cpp":"D_568_2280601784_Nguyễn-Văn-Hoàng-Long.cpp-D_566_2280601806_Lê-Hữu-Lộc.cpp.json"},"B_345_2280601117_Trần-Phi-Hùng.cpp":{"B_330_2280601133_Đặng-Hoàng-Huy.cpp":"B_330_2280601133_Đặng-Hoàng-Huy.cpp-B_345_2280601117_Trần-Phi-Hùng.cpp.json","B_332_2280601880_Bùi-Lê-Thị-Trúc-Ly.cpp":"B_332_2280601880_Bùi-Lê-Thị-Trúc-Ly.cpp-B_345_2280601117_Trần-Phi-Hùng.cpp.json","B_338_2280601880_Bùi-Lê-Thị-Trúc-Ly.cpp":"B_338_2280601880_Bùi-Lê-Thị-Trúc-Ly.cpp-B_345_2280601117_Trần-Phi-Hùng.cpp.json"},"C_277_2280601181_Nguyễn-Hồng-Ngọc-Huy.cpp":{"C_295_2280600925_Bùi-Thanh-Hiệp.cpp":"C_295_2280600925_Bùi-Thanh-Hiệp.cpp-C_277_2280601181_Nguyễn-Hồng-Ngọc-Huy.cpp.json","C_311_2280600849_Phạm-Đình-Hào.cpp":"C_277_2280601181_Nguyễn-Hồng-Ngọc-Huy.cpp-C_311_2280600849_Phạm-Đình-Hào.cpp.json","D_325_2280600925_Bùi-Thanh-Hiệp.cpp":"C_277_2280601181_Nguyễn-Hồng-Ngọc-Huy.cpp-D_325_2280600925_Bùi-Thanh-Hiệp.cpp.json","C_355_2280601021_Đặng-Lê-Hoàng.cpp":"C_277_2280601181_Nguyễn-Hồng-Ngọc-Huy.cpp-C_355_2280601021_Đặng-Lê-Hoàng.cpp.json","C_234_2280600368_Nguyễn-Quí-Danh.cpp":"C_234_2280600368_Nguyễn-Quí-Danh.cpp-C_277_2280601181_Nguyễn-Hồng-Ngọc-Huy.cpp.json","C_572_2280600784_Nguyễn-Nhật-Hà.cpp":"C_277_2280601181_Nguyễn-Hồng-Ngọc-Huy.cpp-C_572_2280600784_Nguyễn-Nhật-Hà.cpp.json"},"A_240_2280601133_Đặng-Hoàng-Huy.cpp":{"A_180_2280600009_Hoàng-Kim-Thái-An.cpp":"A_240_2280601133_Đặng-Hoàng-Huy.cpp-A_180_2280600009_Hoàng-Kim-Thái-An.cpp.json","A_299_2280601990_Đỗ-Hoàng-Nam.cpp":"A_240_2280601133_Đặng-Hoàng-Huy.cpp-A_299_2280601990_Đỗ-Hoàng-Nam.cpp.json","A_306_2280602129_Trịnh-Nguyễn-Bảo-Nguyên.cpp":"A_240_2280601133_Đặng-Hoàng-Huy.cpp-A_306_2280602129_Trịnh-Nguyễn-Bảo-Nguyên.cpp.json","A_278_2280600368_Nguyễn-Quí-Danh.cpp":"A_240_2280601133_Đặng-Hoàng-Huy.cpp-A_278_2280600368_Nguyễn-Quí-Danh.cpp.json","A_190_2280600943_Hoàng-Trung-Hiếu.cpp":"A_240_2280601133_Đặng-Hoàng-Huy.cpp-A_190_2280600943_Hoàng-Trung-Hiếu.cpp.json","A_245_2280600263_Lê-Thanh-Bình.cpp":"A_240_2280601133_Đặng-Hoàng-Huy.cpp-A_245_2280600263_Lê-Thanh-Bình.cpp.json","A_210_2280601880_Bùi-Lê-Thị-Trúc-Ly.cpp":"A_210_2280601880_Bùi-Lê-Thị-Trúc-Ly.cpp-A_240_2280601133_Đặng-Hoàng-Huy.cpp.json","A_297_2280601990_Đỗ-Hoàng-Nam.cpp":"A_240_2280601133_Đặng-Hoàng-Huy.cpp-A_297_2280601990_Đỗ-Hoàng-Nam.cpp.json"},"A_297_2280601990_Đỗ-Hoàng-Nam.cpp":{"A_299_2280601990_Đỗ-Hoàng-Nam.cpp":"A_297_2280601990_Đỗ-Hoàng-Nam.cpp-A_299_2280601990_Đỗ-Hoàng-Nam.cpp.json","A_306_2280602129_Trịnh-Nguyễn-Bảo-Nguyên.cpp":"A_306_2280602129_Trịnh-Nguyễn-Bảo-Nguyên.cpp-A_297_2280601990_Đỗ-Hoàng-Nam.cpp.json","A_190_2280600943_Hoàng-Trung-Hiếu.cpp":"A_190_2280600943_Hoàng-Trung-Hiếu.cpp-A_297_2280601990_Đỗ-Hoàng-Nam.cpp.json","A_245_2280600263_Lê-Thanh-Bình.cpp":"A_297_2280601990_Đỗ-Hoàng-Nam.cpp-A_245_2280600263_Lê-Thanh-Bình.cpp.json","A_210_2280601880_Bùi-Lê-Thị-Trúc-Ly.cpp":"A_210_2280601880_Bùi-Lê-Thị-Trúc-Ly.cpp-A_297_2280601990_Đỗ-Hoàng-Nam.cpp.json","A_240_2280601133_Đặng-Hoàng-Huy.cpp":"A_240_2280601133_Đặng-Hoàng-Huy.cpp-A_297_2280601990_Đỗ-Hoàng-Nam.cpp.json"},"B_359_2280601021_Đặng-Lê-Hoàng.cpp":{"B_203_2280600368_Nguyễn-Quí-Danh.cpp":"B_359_2280601021_Đặng-Lê-Hoàng.cpp-B_203_2280600368_Nguyễn-Quí-Danh.cpp.json","B_232_2280601181_Nguyễn-Hồng-Ngọc-Huy.cpp":"B_359_2280601021_Đặng-Lê-Hoàng.cpp-B_232_2280601181_Nguyễn-Hồng-Ngọc-Huy.cpp.json","B_202_2280600368_Nguyễn-Quí-Danh.cpp":"B_202_2280600368_Nguyễn-Quí-Danh.cpp-B_359_2280601021_Đặng-Lê-Hoàng.cpp.json","B_610_2280600943_Hoàng-Trung-Hiếu.cpp":"B_359_2280601021_Đặng-Lê-Hoàng.cpp-B_610_2280600943_Hoàng-Trung-Hiếu.cpp.json"},"D_349_2280600849_Phạm-Đình-Hào.cpp":{"D_573_2280600784_Nguyễn-Nhật-Hà.cpp":"D_349_2280600849_Phạm-Đình-Hào.cpp-D_573_2280600784_Nguyễn-Nhật-Hà.cpp.json","D_337_2280601181_Nguyễn-Hồng-Ngọc-Huy.cpp":"D_349_2280600849_Phạm-Đình-Hào.cpp-D_337_2280601181_Nguyễn-Hồng-Ngọc-Huy.cpp.json","D_574_2280600784_Nguyễn-Nhật-Hà.cpp":"D_349_2280600849_Phạm-Đình-Hào.cpp-D_574_2280600784_Nguyễn-Nhật-Hà.cpp.json"},"D_520_2280601665_Nguyễn-Xuân-Kin.cpp":{"D_568_2280601784_Nguyễn-Văn-Hoàng-Long.cpp":"D_520_2280601665_Nguyễn-Xuân-Kin.cpp-D_568_2280601784_Nguyễn-Văn-Hoàng-Long.cpp.json","D_566_2280601806_Lê-Hữu-Lộc.cpp":"D_520_2280601665_Nguyễn-Xuân-Kin.cpp-D_566_2280601806_Lê-Hữu-Lộc.cpp.json"},"C_295_2280600925_Bùi-Thanh-Hiệp.cpp":{"C_311_2280600849_Phạm-Đình-Hào.cpp":"C_295_2280600925_Bùi-Thanh-Hiệp.cpp-C_311_2280600849_Phạm-Đình-Hào.cpp.json","D_325_2280600925_Bùi-Thanh-Hiệp.cpp":"C_295_2280600925_Bùi-Thanh-Hiệp.cpp-D_325_2280600925_Bùi-Thanh-Hiệp.cpp.json","C_277_2280601181_Nguyễn-Hồng-Ngọc-Huy.cpp":"C_295_2280600925_Bùi-Thanh-Hiệp.cpp-C_277_2280601181_Nguyễn-Hồng-Ngọc-Huy.cpp.json","C_355_2280601021_Đặng-Lê-Hoàng.cpp":"C_295_2280600925_Bùi-Thanh-Hiệp.cpp-C_355_2280601021_Đặng-Lê-Hoàng.cpp.json","C_234_2280600368_Nguyễn-Quí-Danh.cpp":"C_234_2280600368_Nguyễn-Quí-Danh.cpp-C_295_2280600925_Bùi-Thanh-Hiệp.cpp.json","C_572_2280600784_Nguyễn-Nhật-Hà.cpp":"C_295_2280600925_Bùi-Thanh-Hiệp.cpp-C_572_2280600784_Nguyễn-Nhật-Hà.cpp.json"},"D_573_2280600784_Nguyễn-Nhật-Hà.cpp":{"D_337_2280601181_Nguyễn-Hồng-Ngọc-Huy.cpp":"D_573_2280600784_Nguyễn-Nhật-Hà.cpp-D_337_2280601181_Nguyễn-Hồng-Ngọc-Huy.cpp.json","D_574_2280600784_Nguyễn-Nhật-Hà.cpp":"D_574_2280600784_Nguyễn-Nhật-Hà.cpp-D_573_2280600784_Nguyễn-Nhật-Hà.cpp.json","D_349_2280600849_Phạm-Đình-Hào.cpp":"D_349_2280600849_Phạm-Đình-Hào.cpp-D_573_2280600784_Nguyễn-Nhật-Hà.cpp.json"},"A_278_2280600368_Nguyễn-Quí-Danh.cpp":{"A_306_2280602129_Trịnh-Nguyễn-Bảo-Nguyên.cpp":"A_306_2280602129_Trịnh-Nguyễn-Bảo-Nguyên.cpp-A_278_2280600368_Nguyễn-Quí-Danh.cpp.json","A_210_2280601880_Bùi-Lê-Thị-Trúc-Ly.cpp":"A_210_2280601880_Bùi-Lê-Thị-Trúc-Ly.cpp-A_278_2280600368_Nguyễn-Quí-Danh.cpp.json","A_240_2280601133_Đặng-Hoàng-Huy.cpp":"A_240_2280601133_Đặng-Hoàng-Huy.cpp-A_278_2280600368_Nguyễn-Quí-Danh.cpp.json"},"A_187_2280600693_Lê-Quý-Đôn.cpp":{"A_276_2280600060_Lê-Hoàng-Anh.cpp":"A_187_2280600693_Lê-Quý-Đôn.cpp-A_276_2280600060_Lê-Hoàng-Anh.cpp.json"},"A_247_2280601021_Đặng-Lê-Hoàng.cpp":{"A_150_2280600849_Phạm-Đình-Hào.cpp":"A_247_2280601021_Đặng-Lê-Hoàng.cpp-A_150_2280600849_Phạm-Đình-Hào.cpp.json","A_184_2280601181_Nguyễn-Hồng-Ngọc-Huy.cpp":"A_247_2280601021_Đặng-Lê-Hoàng.cpp-A_184_2280601181_Nguyễn-Hồng-Ngọc-Huy.cpp.json"},"A_336_2280600587_Lê-Phát-Đạt.cpp":{"A_285_2280602017_Nguyễn-Nhật-Nam.cpp":"A_336_2280600587_Lê-Phát-Đạt.cpp-A_285_2280602017_Nguyễn-Nhật-Nam.cpp.json","A_262_2280601784_Nguyễn-Văn-Hoàng-Long.cpp":"A_336_2280600587_Lê-Phát-Đạt.cpp-A_262_2280601784_Nguyễn-Văn-Hoàng-Long.cpp.json","A_242_2280601754_Lê-Hoàng-Long.cpp":"A_242_2280601754_Lê-Hoàng-Long.cpp-A_336_2280600587_Lê-Phát-Đạt.cpp.json"},"A_242_2280601754_Lê-Hoàng-Long.cpp":{"A_285_2280602017_Nguyễn-Nhật-Nam.cpp":"A_242_2280601754_Lê-Hoàng-Long.cpp-A_285_2280602017_Nguyễn-Nhật-Nam.cpp.json","A_262_2280601784_Nguyễn-Văn-Hoàng-Long.cpp":"A_242_2280601754_Lê-Hoàng-Long.cpp-A_262_2280601784_Nguyễn-Văn-Hoàng-Long.cpp.json","A_336_2280600587_Lê-Phát-Đạt.cpp":"A_242_2280601754_Lê-Hoàng-Long.cpp-A_336_2280600587_Lê-Phát-Đạt.cpp.json"},"B_332_2280601880_Bùi-Lê-Thị-Trúc-Ly.cpp":{"B_330_2280601133_Đặng-Hoàng-Huy.cpp":"B_332_2280601880_Bùi-Lê-Thị-Trúc-Ly.cpp-B_330_2280601133_Đặng-Hoàng-Huy.cpp.json","B_345_2280601117_Trần-Phi-Hùng.cpp":"B_332_2280601880_Bùi-Lê-Thị-Trúc-Ly.cpp-B_345_2280601117_Trần-Phi-Hùng.cpp.json","B_338_2280601880_Bùi-Lê-Thị-Trúc-Ly.cpp":"B_332_2280601880_Bùi-Lê-Thị-Trúc-Ly.cpp-B_338_2280601880_Bùi-Lê-Thị-Trúc-Ly.cpp.json"},"B_203_2280600368_Nguyễn-Quí-Danh.cpp":{"B_232_2280601181_Nguyễn-Hồng-Ngọc-Huy.cpp":"B_203_2280600368_Nguyễn-Quí-Danh.cpp-B_232_2280601181_Nguyễn-Hồng-Ngọc-Huy.cpp.json","B_202_2280600368_Nguyễn-Quí-Danh.cpp":"B_202_2280600368_Nguyễn-Quí-Danh.cpp-B_203_2280600368_Nguyễn-Quí-Danh.cpp.json","B_610_2280600943_Hoàng-Trung-Hiếu.cpp":"B_203_2280600368_Nguyễn-Quí-Danh.cpp-B_610_2280600943_Hoàng-Trung-Hiếu.cpp.json","B_359_2280601021_Đặng-Lê-Hoàng.cpp":"B_359_2280601021_Đặng-Lê-Hoàng.cpp-B_203_2280600368_Nguyễn-Quí-Danh.cpp.json"},"D_337_2280601181_Nguyễn-Hồng-Ngọc-Huy.cpp":{"D_573_2280600784_Nguyễn-Nhật-Hà.cpp":"D_573_2280600784_Nguyễn-Nhật-Hà.cpp-D_337_2280601181_Nguyễn-Hồng-Ngọc-Huy.cpp.json","D_574_2280600784_Nguyễn-Nhật-Hà.cpp":"D_574_2280600784_Nguyễn-Nhật-Hà.cpp-D_337_2280601181_Nguyễn-Hồng-Ngọc-Huy.cpp.json","D_349_2280600849_Phạm-Đình-Hào.cpp":"D_349_2280600849_Phạm-Đình-Hào.cpp-D_337_2280601181_Nguyễn-Hồng-Ngọc-Huy.cpp.json"},"C_567_2280601754_Lê-Hoàng-Long.cpp":{"C_399_2280601665_Nguyễn-Xuân-Kin.cpp":"C_399_2280601665_Nguyễn-Xuân-Kin.cpp-C_567_2280601754_Lê-Hoàng-Long.cpp.json","C_565_2280601784_Nguyễn-Văn-Hoàng-Long.cpp":"C_565_2280601784_Nguyễn-Văn-Hoàng-Long.cpp-C_567_2280601754_Lê-Hoàng-Long.cpp.json","C_563_2280601806_Lê-Hữu-Lộc.cpp":"C_567_2280601754_Lê-Hoàng-Long.cpp-C_563_2280601806_Lê-Hữu-Lộc.cpp.json"},"C_399_2280601665_Nguyễn-Xuân-Kin.cpp":{"C_567_2280601754_Lê-Hoàng-Long.cpp":"C_399_2280601665_Nguyễn-Xuân-Kin.cpp-C_567_2280601754_Lê-Hoàng-Long.cpp.json","C_565_2280601784_Nguyễn-Văn-Hoàng-Long.cpp":"C_565_2280601784_Nguyễn-Văn-Hoàng-Long.cpp-C_399_2280601665_Nguyễn-Xuân-Kin.cpp.json","C_563_2280601806_Lê-Hữu-Lộc.cpp":"C_399_2280601665_Nguyễn-Xuân-Kin.cpp-C_563_2280601806_Lê-Hữu-Lộc.cpp.json"},"A_150_2280600849_Phạm-Đình-Hào.cpp":{"A_247_2280601021_Đặng-Lê-Hoàng.cpp":"A_247_2280601021_Đặng-Lê-Hoàng.cpp-A_150_2280600849_Phạm-Đình-Hào.cpp.json","A_184_2280601181_Nguyễn-Hồng-Ngọc-Huy.cpp":"A_184_2280601181_Nguyễn-Hồng-Ngọc-Huy.cpp-A_150_2280600849_Phạm-Đình-Hào.cpp.json"},"B_348_2280601971_Từ-Quang-Minh.cpp":{"B_353_2280600970_Phạm-Hoàng-Phi-Hiếu.cpp":"B_348_2280601971_Từ-Quang-Minh.cpp-B_353_2280600970_Phạm-Hoàng-Phi-Hiếu.cpp.json"},"A_285_2280602017_Nguyễn-Nhật-Nam.cpp":{"A_262_2280601784_Nguyễn-Văn-Hoàng-Long.cpp":"A_262_2280601784_Nguyễn-Văn-Hoàng-Long.cpp-A_285_2280602017_Nguyễn-Nhật-Nam.cpp.json","A_336_2280600587_Lê-Phát-Đạt.cpp":"A_336_2280600587_Lê-Phát-Đạt.cpp-A_285_2280602017_Nguyễn-Nhật-Nam.cpp.json","A_242_2280601754_Lê-Hoàng-Long.cpp":"A_242_2280601754_Lê-Hoàng-Long.cpp-A_285_2280602017_Nguyễn-Nhật-Nam.cpp.json"},"A_299_2280601990_Đỗ-Hoàng-Nam.cpp":{"A_306_2280602129_Trịnh-Nguyễn-Bảo-Nguyên.cpp":"A_306_2280602129_Trịnh-Nguyễn-Bảo-Nguyên.cpp-A_299_2280601990_Đỗ-Hoàng-Nam.cpp.json","A_190_2280600943_Hoàng-Trung-Hiếu.cpp":"A_190_2280600943_Hoàng-Trung-Hiếu.cpp-A_299_2280601990_Đỗ-Hoàng-Nam.cpp.json","A_245_2280600263_Lê-Thanh-Bình.cpp":"A_245_2280600263_Lê-Thanh-Bình.cpp-A_299_2280601990_Đỗ-Hoàng-Nam.cpp.json","A_210_2280601880_Bùi-Lê-Thị-Trúc-Ly.cpp":"A_210_2280601880_Bùi-Lê-Thị-Trúc-Ly.cpp-A_299_2280601990_Đỗ-Hoàng-Nam.cpp.json","A_240_2280601133_Đặng-Hoàng-Huy.cpp":"A_240_2280601133_Đặng-Hoàng-Huy.cpp-A_299_2280601990_Đỗ-Hoàng-Nam.cpp.json","A_297_2280601990_Đỗ-Hoàng-Nam.cpp":"A_297_2280601990_Đỗ-Hoàng-Nam.cpp-A_299_2280601990_Đỗ-Hoàng-Nam.cpp.json"},"A_190_2280600943_Hoàng-Trung-Hiếu.cpp":{"A_299_2280601990_Đỗ-Hoàng-Nam.cpp":"A_190_2280600943_Hoàng-Trung-Hiếu.cpp-A_299_2280601990_Đỗ-Hoàng-Nam.cpp.json","A_306_2280602129_Trịnh-Nguyễn-Bảo-Nguyên.cpp":"A_306_2280602129_Trịnh-Nguyễn-Bảo-Nguyên.cpp-A_190_2280600943_Hoàng-Trung-Hiếu.cpp.json","A_245_2280600263_Lê-Thanh-Bình.cpp":"A_190_2280600943_Hoàng-Trung-Hiếu.cpp-A_245_2280600263_Lê-Thanh-Bình.cpp.json","A_210_2280601880_Bùi-Lê-Thị-Trúc-Ly.cpp":"A_210_2280601880_Bùi-Lê-Thị-Trúc-Ly.cpp-A_190_2280600943_Hoàng-Trung-Hiếu.cpp.json","A_240_2280601133_Đặng-Hoàng-Huy.cpp":"A_240_2280601133_Đặng-Hoàng-Huy.cpp-A_190_2280600943_Hoàng-Trung-Hiếu.cpp.json","A_297_2280601990_Đỗ-Hoàng-Nam.cpp":"A_190_2280600943_Hoàng-Trung-Hiếu.cpp-A_297_2280601990_Đỗ-Hoàng-Nam.cpp.json"},"A_245_2280600263_Lê-Thanh-Bình.cpp":{"A_299_2280601990_Đỗ-Hoàng-Nam.cpp":"A_245_2280600263_Lê-Thanh-Bình.cpp-A_299_2280601990_Đỗ-Hoàng-Nam.cpp.json","A_306_2280602129_Trịnh-Nguyễn-Bảo-Nguyên.cpp":"A_306_2280602129_Trịnh-Nguyễn-Bảo-Nguyên.cpp-A_245_2280600263_Lê-Thanh-Bình.cpp.json","A_190_2280600943_Hoàng-Trung-Hiếu.cpp":"A_190_2280600943_Hoàng-Trung-Hiếu.cpp-A_245_2280600263_Lê-Thanh-Bình.cpp.json","A_210_2280601880_Bùi-Lê-Thị-Trúc-Ly.cpp":"A_210_2280601880_Bùi-Lê-Thị-Trúc-Ly.cpp-A_245_2280600263_Lê-Thanh-Bình.cpp.json","A_240_2280601133_Đặng-Hoàng-Huy.cpp":"A_240_2280601133_Đặng-Hoàng-Huy.cpp-A_245_2280600263_Lê-Thanh-Bình.cpp.json","A_297_2280601990_Đỗ-Hoàng-Nam.cpp":"A_297_2280601990_Đỗ-Hoàng-Nam.cpp-A_245_2280600263_Lê-Thanh-Bình.cpp.json"},"B_202_2280600368_Nguyễn-Quí-Danh.cpp":{"B_203_2280600368_Nguyễn-Quí-Danh.cpp":"B_202_2280600368_Nguyễn-Quí-Danh.cpp-B_203_2280600368_Nguyễn-Quí-Danh.cpp.json","B_232_2280601181_Nguyễn-Hồng-Ngọc-Huy.cpp":"B_202_2280600368_Nguyễn-Quí-Danh.cpp-B_232_2280601181_Nguyễn-Hồng-Ngọc-Huy.cpp.json","B_610_2280600943_Hoàng-Trung-Hiếu.cpp":"B_202_2280600368_Nguyễn-Quí-Danh.cpp-B_610_2280600943_Hoàng-Trung-Hiếu.cpp.json","B_359_2280601021_Đặng-Lê-Hoàng.cpp":"B_202_2280600368_Nguyễn-Quí-Danh.cpp-B_359_2280601021_Đặng-Lê-Hoàng.cpp.json"},"A_262_2280601784_Nguyễn-Văn-Hoàng-Long.cpp":{"A_285_2280602017_Nguyễn-Nhật-Nam.cpp":"A_262_2280601784_Nguyễn-Văn-Hoàng-Long.cpp-A_285_2280602017_Nguyễn-Nhật-Nam.cpp.json","A_336_2280600587_Lê-Phát-Đạt.cpp":"A_336_2280600587_Lê-Phát-Đạt.cpp-A_262_2280601784_Nguyễn-Văn-Hoàng-Long.cpp.json","A_242_2280601754_Lê-Hoàng-Long.cpp":"A_242_2280601754_Lê-Hoàng-Long.cpp-A_262_2280601784_Nguyễn-Văn-Hoàng-Long.cpp.json"},"B_338_2280601880_Bùi-Lê-Thị-Trúc-Ly.cpp":{"B_330_2280601133_Đặng-Hoàng-Huy.cpp":"B_338_2280601880_Bùi-Lê-Thị-Trúc-Ly.cpp-B_330_2280601133_Đặng-Hoàng-Huy.cpp.json","B_332_2280601880_Bùi-Lê-Thị-Trúc-Ly.cpp":"B_332_2280601880_Bùi-Lê-Thị-Trúc-Ly.cpp-B_338_2280601880_Bùi-Lê-Thị-Trúc-Ly.cpp.json","B_345_2280601117_Trần-Phi-Hùng.cpp":"B_338_2280601880_Bùi-Lê-Thị-Trúc-Ly.cpp-B_345_2280601117_Trần-Phi-Hùng.cpp.json"},"B_286_2280601665_Nguyễn-Xuân-Kin.cpp":{"B_584_2280600587_Lê-Phát-Đạt.cpp":"B_584_2280600587_Lê-Phát-Đạt.cpp-B_286_2280601665_Nguyễn-Xuân-Kin.cpp.json","B_308_2280601733_Trần-Thị-Diệu-Linh.cpp":"B_308_2280601733_Trần-Thị-Diệu-Linh.cpp-B_286_2280601665_Nguyễn-Xuân-Kin.cpp.json","B_326_2280601754_Lê-Hoàng-Long.cpp":"B_326_2280601754_Lê-Hoàng-Long.cpp-B_286_2280601665_Nguyễn-Xuân-Kin.cpp.json","B_327_2280601784_Nguyễn-Văn-Hoàng-Long.cpp":"B_327_2280601784_Nguyễn-Văn-Hoàng-Long.cpp-B_286_2280601665_Nguyễn-Xuân-Kin.cpp.json"},"A_210_2280601880_Bùi-Lê-Thị-Trúc-Ly.cpp":{"A_180_2280600009_Hoàng-Kim-Thái-An.cpp":"A_210_2280601880_Bùi-Lê-Thị-Trúc-Ly.cpp-A_180_2280600009_Hoàng-Kim-Thái-An.cpp.json","A_299_2280601990_Đỗ-Hoàng-Nam.cpp":"A_210_2280601880_Bùi-Lê-Thị-Trúc-Ly.cpp-A_299_2280601990_Đỗ-Hoàng-Nam.cpp.json","A_306_2280602129_Trịnh-Nguyễn-Bảo-Nguyên.cpp":"A_210_2280601880_Bùi-Lê-Thị-Trúc-Ly.cpp-A_306_2280602129_Trịnh-Nguyễn-Bảo-Nguyên.cpp.json","A_278_2280600368_Nguyễn-Quí-Danh.cpp":"A_210_2280601880_Bùi-Lê-Thị-Trúc-Ly.cpp-A_278_2280600368_Nguyễn-Quí-Danh.cpp.json","A_190_2280600943_Hoàng-Trung-Hiếu.cpp":"A_210_2280601880_Bùi-Lê-Thị-Trúc-Ly.cpp-A_190_2280600943_Hoàng-Trung-Hiếu.cpp.json","A_245_2280600263_Lê-Thanh-Bình.cpp":"A_210_2280601880_Bùi-Lê-Thị-Trúc-Ly.cpp-A_245_2280600263_Lê-Thanh-Bình.cpp.json","A_240_2280601133_Đặng-Hoàng-Huy.cpp":"A_210_2280601880_Bùi-Lê-Thị-Trúc-Ly.cpp-A_240_2280601133_Đặng-Hoàng-Huy.cpp.json","A_297_2280601990_Đỗ-Hoàng-Nam.cpp":"A_210_2280601880_Bùi-Lê-Thị-Trúc-Ly.cpp-A_297_2280601990_Đỗ-Hoàng-Nam.cpp.json"},"B_327_2280601784_Nguyễn-Văn-Hoàng-Long.cpp":{"B_286_2280601665_Nguyễn-Xuân-Kin.cpp":"B_327_2280601784_Nguyễn-Văn-Hoàng-Long.cpp-B_286_2280601665_Nguyễn-Xuân-Kin.cpp.json","B_584_2280600587_Lê-Phát-Đạt.cpp":"B_584_2280600587_Lê-Phát-Đạt.cpp-B_327_2280601784_Nguyễn-Văn-Hoàng-Long.cpp.json","B_308_2280601733_Trần-Thị-Diệu-Linh.cpp":"B_327_2280601784_Nguyễn-Văn-Hoàng-Long.cpp-B_308_2280601733_Trần-Thị-Diệu-Linh.cpp.json","B_326_2280601754_Lê-Hoàng-Long.cpp":"B_327_2280601784_Nguyễn-Văn-Hoàng-Long.cpp-B_326_2280601754_Lê-Hoàng-Long.cpp.json"},"B_353_2280600970_Phạm-Hoàng-Phi-Hiếu.cpp":{"B_348_2280601971_Từ-Quang-Minh.cpp":"B_348_2280601971_Từ-Quang-Minh.cpp-B_353_2280600970_Phạm-Hoàng-Phi-Hiếu.cpp.json"},"D_325_2280600925_Bùi-Thanh-Hiệp.cpp":{"C_295_2280600925_Bùi-Thanh-Hiệp.cpp":"C_295_2280600925_Bùi-Thanh-Hiệp.cpp-D_325_2280600925_Bùi-Thanh-Hiệp.cpp.json","C_311_2280600849_Phạm-Đình-Hào.cpp":"D_325_2280600925_Bùi-Thanh-Hiệp.cpp-C_311_2280600849_Phạm-Đình-Hào.cpp.json","C_355_2280601021_Đặng-Lê-Hoàng.cpp":"D_325_2280600925_Bùi-Thanh-Hiệp.cpp-C_355_2280601021_Đặng-Lê-Hoàng.cpp.json","C_277_2280601181_Nguyễn-Hồng-Ngọc-Huy.cpp":"C_277_2280601181_Nguyễn-Hồng-Ngọc-Huy.cpp-D_325_2280600925_Bùi-Thanh-Hiệp.cpp.json","C_234_2280600368_Nguyễn-Quí-Danh.cpp":"C_234_2280600368_Nguyễn-Quí-Danh.cpp-D_325_2280600925_Bùi-Thanh-Hiệp.cpp.json","C_572_2280600784_Nguyễn-Nhật-Hà.cpp":"D_325_2280600925_Bùi-Thanh-Hiệp.cpp-C_572_2280600784_Nguyễn-Nhật-Hà.cpp.json"},"C_563_2280601806_Lê-Hữu-Lộc.cpp":{"C_567_2280601754_Lê-Hoàng-Long.cpp":"C_567_2280601754_Lê-Hoàng-Long.cpp-C_563_2280601806_Lê-Hữu-Lộc.cpp.json","C_399_2280601665_Nguyễn-Xuân-Kin.cpp":"C_399_2280601665_Nguyễn-Xuân-Kin.cpp-C_563_2280601806_Lê-Hữu-Lộc.cpp.json","C_565_2280601784_Nguyễn-Văn-Hoàng-Long.cpp":"C_565_2280601784_Nguyễn-Văn-Hoàng-Long.cpp-C_563_2280601806_Lê-Hữu-Lộc.cpp.json"},"A_184_2280601181_Nguyễn-Hồng-Ngọc-Huy.cpp":{"A_150_2280600849_Phạm-Đình-Hào.cpp":"A_184_2280601181_Nguyễn-Hồng-Ngọc-Huy.cpp-A_150_2280600849_Phạm-Đình-Hào.cpp.json","A_247_2280601021_Đặng-Lê-Hoàng.cpp":"A_247_2280601021_Đặng-Lê-Hoàng.cpp-A_184_2280601181_Nguyễn-Hồng-Ngọc-Huy.cpp.json"},"B_330_2280601133_Đặng-Hoàng-Huy.cpp":{"B_332_2280601880_Bùi-Lê-Thị-Trúc-Ly.cpp":"B_332_2280601880_Bùi-Lê-Thị-Trúc-Ly.cpp-B_330_2280601133_Đặng-Hoàng-Huy.cpp.json","B_345_2280601117_Trần-Phi-Hùng.cpp":"B_330_2280601133_Đặng-Hoàng-Huy.cpp-B_345_2280601117_Trần-Phi-Hùng.cpp.json","B_338_2280601880_Bùi-Lê-Thị-Trúc-Ly.cpp":"B_338_2280601880_Bùi-Lê-Thị-Trúc-Ly.cpp-B_330_2280601133_Đặng-Hoàng-Huy.cpp.json"},"A_276_2280600060_Lê-Hoàng-Anh.cpp":{"A_187_2280600693_Lê-Quý-Đôn.cpp":"A_187_2280600693_Lê-Quý-Đôn.cpp-A_276_2280600060_Lê-Hoàng-Anh.cpp.json"},"B_232_2280601181_Nguyễn-Hồng-Ngọc-Huy.cpp":{"B_203_2280600368_Nguyễn-Quí-Danh.cpp":"B_203_2280600368_Nguyễn-Quí-Danh.cpp-B_232_2280601181_Nguyễn-Hồng-Ngọc-Huy.cpp.json","B_202_2280600368_Nguyễn-Quí-Danh.cpp":"B_202_2280600368_Nguyễn-Quí-Danh.cpp-B_232_2280601181_Nguyễn-Hồng-Ngọc-Huy.cpp.json","B_610_2280600943_Hoàng-Trung-Hiếu.cpp":"B_232_2280601181_Nguyễn-Hồng-Ngọc-Huy.cpp-B_610_2280600943_Hoàng-Trung-Hiếu.cpp.json","B_359_2280601021_Đặng-Lê-Hoàng.cpp":"B_359_2280601021_Đặng-Lê-Hoàng.cpp-B_232_2280601181_Nguyễn-Hồng-Ngọc-Huy.cpp.json"},"B_610_2280600943_Hoàng-Trung-Hiếu.cpp":{"B_203_2280600368_Nguyễn-Quí-Danh.cpp":"B_203_2280600368_Nguyễn-Quí-Danh.cpp-B_610_2280600943_Hoàng-Trung-Hiếu.cpp.json","B_232_2280601181_Nguyễn-Hồng-Ngọc-Huy.cpp":"B_232_2280601181_Nguyễn-Hồng-Ngọc-Huy.cpp-B_610_2280600943_Hoàng-Trung-Hiếu.cpp.json","B_202_2280600368_Nguyễn-Quí-Danh.cpp":"B_202_2280600368_Nguyễn-Quí-Danh.cpp-B_610_2280600943_Hoàng-Trung-Hiếu.cpp.json","B_359_2280601021_Đặng-Lê-Hoàng.cpp":"B_359_2280601021_Đặng-Lê-Hoàng.cpp-B_610_2280600943_Hoàng-Trung-Hiếu.cpp.json"},"C_311_2280600849_Phạm-Đình-Hào.cpp":{"C_295_2280600925_Bùi-Thanh-Hiệp.cpp":"C_295_2280600925_Bùi-Thanh-Hiệp.cpp-C_311_2280600849_Phạm-Đình-Hào.cpp.json","D_325_2280600925_Bùi-Thanh-Hiệp.cpp":"D_325_2280600925_Bùi-Thanh-Hiệp.cpp-C_311_2280600849_Phạm-Đình-Hào.cpp.json","C_277_2280601181_Nguyễn-Hồng-Ngọc-Huy.cpp":"C_277_2280601181_Nguyễn-Hồng-Ngọc-Huy.cpp-C_311_2280600849_Phạm-Đình-Hào.cpp.json","C_355_2280601021_Đặng-Lê-Hoàng.cpp":"C_311_2280600849_Phạm-Đình-Hào.cpp-C_355_2280601021_Đặng-Lê-Hoàng.cpp.json","C_572_2280600784_Nguyễn-Nhật-Hà.cpp":"C_311_2280600849_Phạm-Đình-Hào.cpp-C_572_2280600784_Nguyễn-Nhật-Hà.cpp.json","C_234_2280600368_Nguyễn-Quí-Danh.cpp":"C_234_2280600368_Nguyễn-Quí-Danh.cpp-C_311_2280600849_Phạm-Đình-Hào.cpp.json"},"C_565_2280601784_Nguyễn-Văn-Hoàng-Long.cpp":{"C_567_2280601754_Lê-Hoàng-Long.cpp":"C_565_2280601784_Nguyễn-Văn-Hoàng-Long.cpp-C_567_2280601754_Lê-Hoàng-Long.cpp.json","C_399_2280601665_Nguyễn-Xuân-Kin.cpp":"C_565_2280601784_Nguyễn-Văn-Hoàng-Long.cpp-C_399_2280601665_Nguyễn-Xuân-Kin.cpp.json","C_563_2280601806_Lê-Hữu-Lộc.cpp":"C_565_2280601784_Nguyễn-Văn-Hoàng-Long.cpp-C_563_2280601806_Lê-Hữu-Lộc.cpp.json"},"C_572_2280600784_Nguyễn-Nhật-Hà.cpp":{"C_295_2280600925_Bùi-Thanh-Hiệp.cpp":"C_295_2280600925_Bùi-Thanh-Hiệp.cpp-C_572_2280600784_Nguyễn-Nhật-Hà.cpp.json","C_311_2280600849_Phạm-Đình-Hào.cpp":"C_311_2280600849_Phạm-Đình-Hào.cpp-C_572_2280600784_Nguyễn-Nhật-Hà.cpp.json","D_325_2280600925_Bùi-Thanh-Hiệp.cpp":"D_325_2280600925_Bùi-Thanh-Hiệp.cpp-C_572_2280600784_Nguyễn-Nhật-Hà.cpp.json","C_355_2280601021_Đặng-Lê-Hoàng.cpp":"C_355_2280601021_Đặng-Lê-Hoàng.cpp-C_572_2280600784_Nguyễn-Nhật-Hà.cpp.json","C_277_2280601181_Nguyễn-Hồng-Ngọc-Huy.cpp":"C_277_2280601181_Nguyễn-Hồng-Ngọc-Huy.cpp-C_572_2280600784_Nguyễn-Nhật-Hà.cpp.json","C_234_2280600368_Nguyễn-Quí-Danh.cpp":"C_234_2280600368_Nguyễn-Quí-Danh.cpp-C_572_2280600784_Nguyễn-Nhật-Hà.cpp.json"},"A_180_2280600009_Hoàng-Kim-Thái-An.cpp":{"A_306_2280602129_Trịnh-Nguyễn-Bảo-Nguyên.cpp":"A_306_2280602129_Trịnh-Nguyễn-Bảo-Nguyên.cpp-A_180_2280600009_Hoàng-Kim-Thái-An.cpp.json","A_210_2280601880_Bùi-Lê-Thị-Trúc-Ly.cpp":"A_210_2280601880_Bùi-Lê-Thị-Trúc-Ly.cpp-A_180_2280600009_Hoàng-Kim-Thái-An.cpp.json","A_240_2280601133_Đặng-Hoàng-Huy.cpp":"A_240_2280601133_Đặng-Hoàng-Huy.cpp-A_180_2280600009_Hoàng-Kim-Thái-An.cpp.json"},"A_306_2280602129_Trịnh-Nguyễn-Bảo-Nguyên.cpp":{"A_180_2280600009_Hoàng-Kim-Thái-An.cpp":"A_306_2280602129_Trịnh-Nguyễn-Bảo-Nguyên.cpp-A_180_2280600009_Hoàng-Kim-Thái-An.cpp.json","A_299_2280601990_Đỗ-Hoàng-Nam.cpp":"A_306_2280602129_Trịnh-Nguyễn-Bảo-Nguyên.cpp-A_299_2280601990_Đỗ-Hoàng-Nam.cpp.json","A_278_2280600368_Nguyễn-Quí-Danh.cpp":"A_306_2280602129_Trịnh-Nguyễn-Bảo-Nguyên.cpp-A_278_2280600368_Nguyễn-Quí-Danh.cpp.json","A_190_2280600943_Hoàng-Trung-Hiếu.cpp":"A_306_2280602129_Trịnh-Nguyễn-Bảo-Nguyên.cpp-A_190_2280600943_Hoàng-Trung-Hiếu.cpp.json","A_245_2280600263_Lê-Thanh-Bình.cpp":"A_306_2280602129_Trịnh-Nguyễn-Bảo-Nguyên.cpp-A_245_2280600263_Lê-Thanh-Bình.cpp.json","A_210_2280601880_Bùi-Lê-Thị-Trúc-Ly.cpp":"A_210_2280601880_Bùi-Lê-Thị-Trúc-Ly.cpp-A_306_2280602129_Trịnh-Nguyễn-Bảo-Nguyên.cpp.json","A_240_2280601133_Đặng-Hoàng-Huy.cpp":"A_240_2280601133_Đặng-Hoàng-Huy.cpp-A_306_2280602129_Trịnh-Nguyễn-Bảo-Nguyên.cpp.json","A_297_2280601990_Đỗ-Hoàng-Nam.cpp":"A_306_2280602129_Trịnh-Nguyễn-Bảo-Nguyên.cpp-A_297_2280601990_Đỗ-Hoàng-Nam.cpp.json"},"B_584_2280600587_Lê-Phát-Đạt.cpp":{"B_286_2280601665_Nguyễn-Xuân-Kin.cpp":"B_584_2280600587_Lê-Phát-Đạt.cpp-B_286_2280601665_Nguyễn-Xuân-Kin.cpp.json","B_308_2280601733_Trần-Thị-Diệu-Linh.cpp":"B_584_2280600587_Lê-Phát-Đạt.cpp-B_308_2280601733_Trần-Thị-Diệu-Linh.cpp.json","B_326_2280601754_Lê-Hoàng-Long.cpp":"B_584_2280600587_Lê-Phát-Đạt.cpp-B_326_2280601754_Lê-Hoàng-Long.cpp.json","B_327_2280601784_Nguyễn-Văn-Hoàng-Long.cpp":"B_584_2280600587_Lê-Phát-Đạt.cpp-B_327_2280601784_Nguyễn-Văn-Hoàng-Long.cpp.json"},"B_308_2280601733_Trần-Thị-Diệu-Linh.cpp":{"B_286_2280601665_Nguyễn-Xuân-Kin.cpp":"B_308_2280601733_Trần-Thị-Diệu-Linh.cpp-B_286_2280601665_Nguyễn-Xuân-Kin.cpp.json","B_584_2280600587_Lê-Phát-Đạt.cpp":"B_584_2280600587_Lê-Phát-Đạt.cpp-B_308_2280601733_Trần-Thị-Diệu-Linh.cpp.json","B_326_2280601754_Lê-Hoàng-Long.cpp":"B_308_2280601733_Trần-Thị-Diệu-Linh.cpp-B_326_2280601754_Lê-Hoàng-Long.cpp.json","B_327_2280601784_Nguyễn-Văn-Hoàng-Long.cpp":"B_327_2280601784_Nguyễn-Văn-Hoàng-Long.cpp-B_308_2280601733_Trần-Thị-Diệu-Linh.cpp.json"},"B_326_2280601754_Lê-Hoàng-Long.cpp":{"B_286_2280601665_Nguyễn-Xuân-Kin.cpp":"B_326_2280601754_Lê-Hoàng-Long.cpp-B_286_2280601665_Nguyễn-Xuân-Kin.cpp.json","B_584_2280600587_Lê-Phát-Đạt.cpp":"B_584_2280600587_Lê-Phát-Đạt.cpp-B_326_2280601754_Lê-Hoàng-Long.cpp.json","B_308_2280601733_Trần-Thị-Diệu-Linh.cpp":"B_308_2280601733_Trần-Thị-Diệu-Linh.cpp-B_326_2280601754_Lê-Hoàng-Long.cpp.json","B_327_2280601784_Nguyễn-Văn-Hoàng-Long.cpp":"B_327_2280601784_Nguyễn-Văn-Hoàng-Long.cpp-B_326_2280601754_Lê-Hoàng-Long.cpp.json"},"C_355_2280601021_Đặng-Lê-Hoàng.cpp":{"C_295_2280600925_Bùi-Thanh-Hiệp.cpp":"C_295_2280600925_Bùi-Thanh-Hiệp.cpp-C_355_2280601021_Đặng-Lê-Hoàng.cpp.json","D_325_2280600925_Bùi-Thanh-Hiệp.cpp":"D_325_2280600925_Bùi-Thanh-Hiệp.cpp-C_355_2280601021_Đặng-Lê-Hoàng.cpp.json","C_311_2280600849_Phạm-Đình-Hào.cpp":"C_311_2280600849_Phạm-Đình-Hào.cpp-C_355_2280601021_Đặng-Lê-Hoàng.cpp.json","C_277_2280601181_Nguyễn-Hồng-Ngọc-Huy.cpp":"C_277_2280601181_Nguyễn-Hồng-Ngọc-Huy.cpp-C_355_2280601021_Đặng-Lê-Hoàng.cpp.json","C_572_2280600784_Nguyễn-Nhật-Hà.cpp":"C_355_2280601021_Đặng-Lê-Hoàng.cpp-C_572_2280600784_Nguyễn-Nhật-Hà.cpp.json","C_234_2280600368_Nguyễn-Quí-Danh.cpp":"C_234_2280600368_Nguyễn-Quí-Danh.cpp-C_355_2280601021_Đặng-Lê-Hoàng.cpp.json"},"D_574_2280600784_Nguyễn-Nhật-Hà.cpp":{"D_573_2280600784_Nguyễn-Nhật-Hà.cpp":"D_574_2280600784_Nguyễn-Nhật-Hà.cpp-D_573_2280600784_Nguyễn-Nhật-Hà.cpp.json","D_337_2280601181_Nguyễn-Hồng-Ngọc-Huy.cpp":"D_574_2280600784_Nguyễn-Nhật-Hà.cpp-D_337_2280601181_Nguyễn-Hồng-Ngọc-Huy.cpp.json","D_349_2280600849_Phạm-Đình-Hào.cpp":"D_349_2280600849_Phạm-Đình-Hào.cpp-D_574_2280600784_Nguyễn-Nhật-Hà.cpp.json"},"C_234_2280600368_Nguyễn-Quí-Danh.cpp":{"C_295_2280600925_Bùi-Thanh-Hiệp.cpp":"C_234_2280600368_Nguyễn-Quí-Danh.cpp-C_295_2280600925_Bùi-Thanh-Hiệp.cpp.json","D_325_2280600925_Bùi-Thanh-Hiệp.cpp":"C_234_2280600368_Nguyễn-Quí-Danh.cpp-D_325_2280600925_Bùi-Thanh-Hiệp.cpp.json","C_311_2280600849_Phạm-Đình-Hào.cpp":"C_234_2280600368_Nguyễn-Quí-Danh.cpp-C_311_2280600849_Phạm-Đình-Hào.cpp.json","C_277_2280601181_Nguyễn-Hồng-Ngọc-Huy.cpp":"C_234_2280600368_Nguyễn-Quí-Danh.cpp-C_277_2280601181_Nguyễn-Hồng-Ngọc-Huy.cpp.json","C_355_2280601021_Đặng-Lê-Hoàng.cpp":"C_234_2280600368_Nguyễn-Quí-Danh.cpp-C_355_2280601021_Đặng-Lê-Hoàng.cpp.json","C_572_2280600784_Nguyễn-Nhật-Hà.cpp":"C_234_2280600368_Nguyễn-Quí-Danh.cpp-C_572_2280600784_Nguyễn-Nhật-Hà.cpp.json"},"D_566_2280601806_Lê-Hữu-Lộc.cpp":{"D_520_2280601665_Nguyễn-Xuân-Kin.cpp":"D_520_2280601665_Nguyễn-Xuân-Kin.cpp-D_566_2280601806_Lê-Hữu-Lộc.cpp.json","D_568_2280601784_Nguyễn-Văn-Hoàng-Long.cpp":"D_568_2280601784_Nguyễn-Văn-Hoàng-Long.cpp-D_566_2280601806_Lê-Hữu-Lộc.cpp.json"}},"failed_submission_names":[],"excluded_files":[],"match_sensitivity":12,"date_of_execution":"08/03/23","execution_time":59,"metrics":[{"name":"AVG","distribution":[76,18,58,29,9,0,0,0,0,2970],"topComparisons":[{"first_submission":"B_584_2280600587_Lê-Phát-Đạt.cpp","second_submission":"B_327_2280601784_Nguyễn-Văn-Hoàng-Long.cpp","similarity":1.0},{"first_submission":"B_584_2280600587_Lê-Phát-Đạt.cpp","second_submission":"B_308_2280601733_Trần-Thị-Diệu-Linh.cpp","similarity":1.0},{"first_submission":"B_584_2280600587_Lê-Phát-Đạt.cpp","second_submission":"B_326_2280601754_Lê-Hoàng-Long.cpp","similarity":1.0},{"first_submission":"B_584_2280600587_Lê-Phát-Đạt.cpp","second_submission":"B_286_2280601665_Nguyễn-Xuân-Kin.cpp","similarity":1.0},{"first_submission":"B_202_2280600368_Nguyễn-Quí-Danh.cpp","second_submission":"B_359_2280601021_Đặng-Lê-Hoàng.cpp","similarity":1.0},{"first_submission":"B_202_2280600368_Nguyễn-Quí-Danh.cpp","second_submission":"B_203_2280600368_Nguyễn-Quí-Danh.cpp","similarity":1.0},{"first_submission":"B_202_2280600368_Nguyễn-Quí-Danh.cpp","second_submission":"B_232_2280601181_Nguyễn-Hồng-Ngọc-Huy.cpp","similarity":1.0},{"first_submission":"B_202_2280600368_Nguyễn-Quí-Danh.cpp","second_submission":"B_610_2280600943_Hoàng-Trung-Hiếu.cpp","similarity":1.0},{"first_submission":"A_187_2280600693_Lê-Quý-Đôn.cpp","second_submission":"A_276_2280600060_Lê-Hoàng-Anh.cpp","similarity":1.0},{"first_submission":"D_520_2280601665_Nguyễn-Xuân-Kin.cpp","second_submission":"D_568_2280601784_Nguyễn-Văn-Hoàng-Long.cpp","similarity":1.0},{"first_submission":"D_349_2280600849_Phạm-Đình-Hào.cpp","second_submission":"D_574_2280600784_Nguyễn-Nhật-Hà.cpp","similarity":1.0},{"first_submission":"D_349_2280600849_Phạm-Đình-Hào.cpp","second_submission":"D_573_2280600784_Nguyễn-Nhật-Hà.cpp","similarity":1.0},{"first_submission":"D_349_2280600849_Phạm-Đình-Hào.cpp","second_submission":"D_337_2280601181_Nguyễn-Hồng-Ngọc-Huy.cpp","similarity":1.0},{"first_submission":"D_574_2280600784_Nguyễn-Nhật-Hà.cpp","second_submission":"D_573_2280600784_Nguyễn-Nhật-Hà.cpp","similarity":1.0},{"first_submission":"D_574_2280600784_Nguyễn-Nhật-Hà.cpp","second_submission":"D_337_2280601181_Nguyễn-Hồng-Ngọc-Huy.cpp","similarity":1.0},{"first_submission":"C_234_2280600368_Nguyễn-Quí-Danh.cpp","second_submission":"C_295_2280600925_Bùi-Thanh-Hiệp.cpp","similarity":1.0},{"first_submission":"C_234_2280600368_Nguyễn-Quí-Danh.cpp","second_submission":"C_277_2280601181_Nguyễn-Hồng-Ngọc-Huy.cpp","similarity":1.0},{"first_submission":"C_234_2280600368_Nguyễn-Quí-Danh.cpp","second_submission":"D_325_2280600925_Bùi-Thanh-Hiệp.cpp","similarity":1.0},{"first_submission":"C_234_2280600368_Nguyễn-Quí-Danh.cpp","second_submission":"C_311_2280600849_Phạm-Đình-Hào.cpp","similarity":1.0},{"first_submission":"C_234_2280600368_Nguyễn-Quí-Danh.cpp","second_submission":"C_355_2280601021_Đặng-Lê-Hoàng.cpp","similarity":1.0},{"first_submission":"C_234_2280600368_Nguyễn-Quí-Danh.cpp","second_submission":"C_572_2280600784_Nguyễn-Nhật-Hà.cpp","similarity":1.0},{"first_submission":"A_242_2280601754_Lê-Hoàng-Long.cpp","second_submission":"A_336_2280600587_Lê-Phát-Đạt.cpp","similarity":1.0},{"first_submission":"A_242_2280601754_Lê-Hoàng-Long.cpp","second_submission":"A_262_2280601784_Nguyễn-Văn-Hoàng-Long.cpp","similarity":1.0},{"first_submission":"A_242_2280601754_Lê-Hoàng-Long.cpp","second_submission":"A_285_2280602017_Nguyễn-Nhật-Nam.cpp","similarity":1.0},{"first_submission":"C_567_2280601754_Lê-Hoàng-Long.cpp","second_submission":"C_563_2280601806_Lê-Hữu-Lộc.cpp","similarity":1.0},{"first_submission":"A_306_2280602129_Trịnh-Nguyễn-Bảo-Nguyên.cpp","second_submission":"A_278_2280600368_Nguyễn-Quí-Danh.cpp","similarity":1.0},{"first_submission":"C_295_2280600925_Bùi-Thanh-Hiệp.cpp","second_submission":"C_277_2280601181_Nguyễn-Hồng-Ngọc-Huy.cpp","similarity":1.0},{"first_submission":"C_295_2280600925_Bùi-Thanh-Hiệp.cpp","second_submission":"D_325_2280600925_Bùi-Thanh-Hiệp.cpp","similarity":1.0},{"first_submission":"C_295_2280600925_Bùi-Thanh-Hiệp.cpp","second_submission":"C_311_2280600849_Phạm-Đình-Hào.cpp","similarity":1.0},{"first_submission":"C_295_2280600925_Bùi-Thanh-Hiệp.cpp","second_submission":"C_355_2280601021_Đặng-Lê-Hoàng.cpp","similarity":1.0},{"first_submission":"C_295_2280600925_Bùi-Thanh-Hiệp.cpp","second_submission":"C_572_2280600784_Nguyễn-Nhật-Hà.cpp","similarity":1.0},{"first_submission":"C_277_2280601181_Nguyễn-Hồng-Ngọc-Huy.cpp","second_submission":"D_325_2280600925_Bùi-Thanh-Hiệp.cpp","similarity":1.0},{"first_submission":"C_277_2280601181_Nguyễn-Hồng-Ngọc-Huy.cpp","second_submission":"C_311_2280600849_Phạm-Đình-Hào.cpp","similarity":1.0},{"first_submission":"C_277_2280601181_Nguyễn-Hồng-Ngọc-Huy.cpp","second_submission":"C_355_2280601021_Đặng-Lê-Hoàng.cpp","similarity":1.0},{"first_submission":"C_277_2280601181_Nguyễn-Hồng-Ngọc-Huy.cpp","second_submission":"C_572_2280600784_Nguyễn-Nhật-Hà.cpp","similarity":1.0},{"first_submission":"A_247_2280601021_Đặng-Lê-Hoàng.cpp","second_submission":"A_184_2280601181_Nguyễn-Hồng-Ngọc-Huy.cpp","similarity":1.0},{"first_submission":"A_247_2280601021_Đặng-Lê-Hoàng.cpp","second_submission":"A_150_2280600849_Phạm-Đình-Hào.cpp","similarity":1.0},{"first_submission":"A_210_2280601880_Bùi-Lê-Thị-Trúc-Ly.cpp","second_submission":"A_240_2280601133_Đặng-Hoàng-Huy.cpp","similarity":1.0},{"first_submission":"D_573_2280600784_Nguyễn-Nhật-Hà.cpp","second_submission":"D_337_2280601181_Nguyễn-Hồng-Ngọc-Huy.cpp","similarity":1.0},{"first_submission":"A_336_2280600587_Lê-Phát-Đạt.cpp","second_submission":"A_262_2280601784_Nguyễn-Văn-Hoàng-Long.cpp","similarity":1.0},{"first_submission":"A_336_2280600587_Lê-Phát-Đạt.cpp","second_submission":"A_285_2280602017_Nguyễn-Nhật-Nam.cpp","similarity":1.0},{"first_submission":"B_359_2280601021_Đặng-Lê-Hoàng.cpp","second_submission":"B_203_2280600368_Nguyễn-Quí-Danh.cpp","similarity":1.0},{"first_submission":"B_359_2280601021_Đặng-Lê-Hoàng.cpp","second_submission":"B_232_2280601181_Nguyễn-Hồng-Ngọc-Huy.cpp","similarity":1.0},{"first_submission":"B_359_2280601021_Đặng-Lê-Hoàng.cpp","second_submission":"B_610_2280600943_Hoàng-Trung-Hiếu.cpp","similarity":1.0},{"first_submission":"D_325_2280600925_Bùi-Thanh-Hiệp.cpp","second_submission":"C_311_2280600849_Phạm-Đình-Hào.cpp","similarity":1.0},{"first_submission":"D_325_2280600925_Bùi-Thanh-Hiệp.cpp","second_submission":"C_355_2280601021_Đặng-Lê-Hoàng.cpp","similarity":1.0},{"first_submission":"D_325_2280600925_Bùi-Thanh-Hiệp.cpp","second_submission":"C_572_2280600784_Nguyễn-Nhật-Hà.cpp","similarity":1.0},{"first_submission":"C_311_2280600849_Phạm-Đình-Hào.cpp","second_submission":"C_355_2280601021_Đặng-Lê-Hoàng.cpp","similarity":1.0},{"first_submission":"C_311_2280600849_Phạm-Đình-Hào.cpp","second_submission":"C_572_2280600784_Nguyễn-Nhật-Hà.cpp","similarity":1.0},{"first_submission":"A_190_2280600943_Hoàng-Trung-Hiếu.cpp","second_submission":"A_297_2280601990_Đỗ-Hoàng-Nam.cpp","similarity":1.0},{"first_submission":"A_190_2280600943_Hoàng-Trung-Hiếu.cpp","second_submission":"A_245_2280600263_Lê-Thanh-Bình.cpp","similarity":1.0},{"first_submission":"A_190_2280600943_Hoàng-Trung-Hiếu.cpp","second_submission":"A_299_2280601990_Đỗ-Hoàng-Nam.cpp","similarity":1.0},{"first_submission":"A_262_2280601784_Nguyễn-Văn-Hoàng-Long.cpp","second_submission":"A_285_2280602017_Nguyễn-Nhật-Nam.cpp","similarity":1.0},{"first_submission":"B_327_2280601784_Nguyễn-Văn-Hoàng-Long.cpp","second_submission":"B_308_2280601733_Trần-Thị-Diệu-Linh.cpp","similarity":1.0},{"first_submission":"B_327_2280601784_Nguyễn-Văn-Hoàng-Long.cpp","second_submission":"B_326_2280601754_Lê-Hoàng-Long.cpp","similarity":1.0},{"first_submission":"B_327_2280601784_Nguyễn-Văn-Hoàng-Long.cpp","second_submission":"B_286_2280601665_Nguyễn-Xuân-Kin.cpp","similarity":1.0},{"first_submission":"B_308_2280601733_Trần-Thị-Diệu-Linh.cpp","second_submission":"B_326_2280601754_Lê-Hoàng-Long.cpp","similarity":1.0},{"first_submission":"B_308_2280601733_Trần-Thị-Diệu-Linh.cpp","second_submission":"B_286_2280601665_Nguyễn-Xuân-Kin.cpp","similarity":1.0},{"first_submission":"C_355_2280601021_Đặng-Lê-Hoàng.cpp","second_submission":"C_572_2280600784_Nguyễn-Nhật-Hà.cpp","similarity":1.0},{"first_submission":"B_326_2280601754_Lê-Hoàng-Long.cpp","second_submission":"B_286_2280601665_Nguyễn-Xuân-Kin.cpp","similarity":1.0},{"first_submission":"B_203_2280600368_Nguyễn-Quí-Danh.cpp","second_submission":"B_232_2280601181_Nguyễn-Hồng-Ngọc-Huy.cpp","similarity":1.0},{"first_submission":"B_203_2280600368_Nguyễn-Quí-Danh.cpp","second_submission":"B_610_2280600943_Hoàng-Trung-Hiếu.cpp","similarity":1.0},{"first_submission":"A_297_2280601990_Đỗ-Hoàng-Nam.cpp","second_submission":"A_245_2280600263_Lê-Thanh-Bình.cpp","similarity":1.0},{"first_submission":"A_297_2280601990_Đỗ-Hoàng-Nam.cpp","second_submission":"A_299_2280601990_Đỗ-Hoàng-Nam.cpp","similarity":1.0},{"first_submission":"A_184_2280601181_Nguyễn-Hồng-Ngọc-Huy.cpp","second_submission":"A_150_2280600849_Phạm-Đình-Hào.cpp","similarity":1.0},{"first_submission":"A_245_2280600263_Lê-Thanh-Bình.cpp","second_submission":"A_299_2280601990_Đỗ-Hoàng-Nam.cpp","similarity":1.0},{"first_submission":"C_565_2280601784_Nguyễn-Văn-Hoàng-Long.cpp","second_submission":"C_399_2280601665_Nguyễn-Xuân-Kin.cpp","similarity":1.0},{"first_submission":"B_232_2280601181_Nguyễn-Hồng-Ngọc-Huy.cpp","second_submission":"B_610_2280600943_Hoàng-Trung-Hiếu.cpp","similarity":1.0},{"first_submission":"D_520_2280601665_Nguyễn-Xuân-Kin.cpp","second_submission":"D_566_2280601806_Lê-Hữu-Lộc.cpp","similarity":0.9302325581395349},{"first_submission":"D_568_2280601784_Nguyễn-Văn-Hoàng-Long.cpp","second_submission":"D_566_2280601806_Lê-Hữu-Lộc.cpp","similarity":0.9302325581395349},{"first_submission":"B_330_2280601133_Đặng-Hoàng-Huy.cpp","second_submission":"B_345_2280601117_Trần-Phi-Hùng.cpp","similarity":0.918918918918919},{"first_submission":"C_565_2280601784_Nguyễn-Văn-Hoàng-Long.cpp","second_submission":"C_567_2280601754_Lê-Hoàng-Long.cpp","similarity":0.9090909090909091},{"first_submission":"C_399_2280601665_Nguyễn-Xuân-Kin.cpp","second_submission":"C_567_2280601754_Lê-Hoàng-Long.cpp","similarity":0.9090909090909091},{"first_submission":"B_332_2280601880_Bùi-Lê-Thị-Trúc-Ly.cpp","second_submission":"B_338_2280601880_Bùi-Lê-Thị-Trúc-Ly.cpp","similarity":0.9090909090909091},{"first_submission":"C_565_2280601784_Nguyễn-Văn-Hoàng-Long.cpp","second_submission":"C_563_2280601806_Lê-Hữu-Lộc.cpp","similarity":0.9090909090909091},{"first_submission":"C_399_2280601665_Nguyễn-Xuân-Kin.cpp","second_submission":"C_563_2280601806_Lê-Hữu-Lộc.cpp","similarity":0.9090909090909091},{"first_submission":"A_210_2280601880_Bùi-Lê-Thị-Trúc-Ly.cpp","second_submission":"A_306_2280602129_Trịnh-Nguyễn-Bảo-Nguyên.cpp","similarity":0.896551724137931},{"first_submission":"A_240_2280601133_Đặng-Hoàng-Huy.cpp","second_submission":"A_306_2280602129_Trịnh-Nguyễn-Bảo-Nguyên.cpp","similarity":0.896551724137931},{"first_submission":"A_210_2280601880_Bùi-Lê-Thị-Trúc-Ly.cpp","second_submission":"A_278_2280600368_Nguyễn-Quí-Danh.cpp","similarity":0.896551724137931},{"first_submission":"A_240_2280601133_Đặng-Hoàng-Huy.cpp","second_submission":"A_278_2280600368_Nguyễn-Quí-Danh.cpp","similarity":0.896551724137931},{"first_submission":"B_348_2280601971_Từ-Quang-Minh.cpp","second_submission":"B_353_2280600970_Phạm-Hoàng-Phi-Hiếu.cpp","similarity":0.8888888888888888},{"first_submission":"B_332_2280601880_Bùi-Lê-Thị-Trúc-Ly.cpp","second_submission":"B_330_2280601133_Đặng-Hoàng-Huy.cpp","similarity":0.8235294117647058},{"first_submission":"B_332_2280601880_Bùi-Lê-Thị-Trúc-Ly.cpp","second_submission":"B_345_2280601117_Trần-Phi-Hùng.cpp","similarity":0.8},{"first_submission":"B_338_2280601880_Bùi-Lê-Thị-Trúc-Ly.cpp","second_submission":"B_330_2280601133_Đặng-Hoàng-Huy.cpp","similarity":0.8},{"first_submission":"A_210_2280601880_Bùi-Lê-Thị-Trúc-Ly.cpp","second_submission":"A_180_2280600009_Hoàng-Kim-Thái-An.cpp","similarity":0.8},{"first_submission":"A_240_2280601133_Đặng-Hoàng-Huy.cpp","second_submission":"A_180_2280600009_Hoàng-Kim-Thái-An.cpp","similarity":0.8},{"first_submission":"A_210_2280601880_Bùi-Lê-Thị-Trúc-Ly.cpp","second_submission":"A_190_2280600943_Hoàng-Trung-Hiếu.cpp","similarity":0.8},{"first_submission":"A_210_2280601880_Bùi-Lê-Thị-Trúc-Ly.cpp","second_submission":"A_297_2280601990_Đỗ-Hoàng-Nam.cpp","similarity":0.8},{"first_submission":"A_210_2280601880_Bùi-Lê-Thị-Trúc-Ly.cpp","second_submission":"A_245_2280600263_Lê-Thanh-Bình.cpp","similarity":0.8},{"first_submission":"A_210_2280601880_Bùi-Lê-Thị-Trúc-Ly.cpp","second_submission":"A_299_2280601990_Đỗ-Hoàng-Nam.cpp","similarity":0.8},{"first_submission":"A_240_2280601133_Đặng-Hoàng-Huy.cpp","second_submission":"A_190_2280600943_Hoàng-Trung-Hiếu.cpp","similarity":0.8},{"first_submission":"A_240_2280601133_Đặng-Hoàng-Huy.cpp","second_submission":"A_297_2280601990_Đỗ-Hoàng-Nam.cpp","similarity":0.8},{"first_submission":"A_240_2280601133_Đặng-Hoàng-Huy.cpp","second_submission":"A_245_2280600263_Lê-Thanh-Bình.cpp","similarity":0.8},{"first_submission":"A_240_2280601133_Đặng-Hoàng-Huy.cpp","second_submission":"A_299_2280601990_Đỗ-Hoàng-Nam.cpp","similarity":0.8},{"first_submission":"B_338_2280601880_Bùi-Lê-Thị-Trúc-Ly.cpp","second_submission":"B_345_2280601117_Trần-Phi-Hùng.cpp","similarity":0.7777777777777778},{"first_submission":"A_306_2280602129_Trịnh-Nguyễn-Bảo-Nguyên.cpp","second_submission":"A_180_2280600009_Hoàng-Kim-Thái-An.cpp","similarity":0.7741935483870968},{"first_submission":"A_306_2280602129_Trịnh-Nguyễn-Bảo-Nguyên.cpp","second_submission":"A_190_2280600943_Hoàng-Trung-Hiếu.cpp","similarity":0.7741935483870968},{"first_submission":"A_306_2280602129_Trịnh-Nguyễn-Bảo-Nguyên.cpp","second_submission":"A_297_2280601990_Đỗ-Hoàng-Nam.cpp","similarity":0.7741935483870968},{"first_submission":"A_306_2280602129_Trịnh-Nguyễn-Bảo-Nguyên.cpp","second_submission":"A_245_2280600263_Lê-Thanh-Bình.cpp","similarity":0.7741935483870968},{"first_submission":"A_306_2280602129_Trịnh-Nguyễn-Bảo-Nguyên.cpp","second_submission":"A_299_2280601990_Đỗ-Hoàng-Nam.cpp","similarity":0.7741935483870968}],"description":"Average of both program coverages. This is the default similarity which works in most cases: Matches with a high average similarity indicate that the programs work in a very similar way."},{"name":"MAX","distribution":[81,44,49,7,9,0,0,0,0,2970],"topComparisons":[{"first_submission":"B_584_2280600587_Lê-Phát-Đạt.cpp","second_submission":"B_327_2280601784_Nguyễn-Văn-Hoàng-Long.cpp","similarity":1.0},{"first_submission":"B_584_2280600587_Lê-Phát-Đạt.cpp","second_submission":"B_308_2280601733_Trần-Thị-Diệu-Linh.cpp","similarity":1.0},{"first_submission":"B_584_2280600587_Lê-Phát-Đạt.cpp","second_submission":"B_326_2280601754_Lê-Hoàng-Long.cpp","similarity":1.0},{"first_submission":"B_584_2280600587_Lê-Phát-Đạt.cpp","second_submission":"B_286_2280601665_Nguyễn-Xuân-Kin.cpp","similarity":1.0},{"first_submission":"B_202_2280600368_Nguyễn-Quí-Danh.cpp","second_submission":"B_359_2280601021_Đặng-Lê-Hoàng.cpp","similarity":1.0},{"first_submission":"B_202_2280600368_Nguyễn-Quí-Danh.cpp","second_submission":"B_203_2280600368_Nguyễn-Quí-Danh.cpp","similarity":1.0},{"first_submission":"B_202_2280600368_Nguyễn-Quí-Danh.cpp","second_submission":"B_232_2280601181_Nguyễn-Hồng-Ngọc-Huy.cpp","similarity":1.0},{"first_submission":"B_202_2280600368_Nguyễn-Quí-Danh.cpp","second_submission":"B_610_2280600943_Hoàng-Trung-Hiếu.cpp","similarity":1.0},{"first_submission":"A_187_2280600693_Lê-Quý-Đôn.cpp","second_submission":"A_276_2280600060_Lê-Hoàng-Anh.cpp","similarity":1.0},{"first_submission":"D_520_2280601665_Nguyễn-Xuân-Kin.cpp","second_submission":"D_568_2280601784_Nguyễn-Văn-Hoàng-Long.cpp","similarity":1.0},{"first_submission":"D_349_2280600849_Phạm-Đình-Hào.cpp","second_submission":"D_574_2280600784_Nguyễn-Nhật-Hà.cpp","similarity":1.0},{"first_submission":"D_349_2280600849_Phạm-Đình-Hào.cpp","second_submission":"D_573_2280600784_Nguyễn-Nhật-Hà.cpp","similarity":1.0},{"first_submission":"D_349_2280600849_Phạm-Đình-Hào.cpp","second_submission":"D_337_2280601181_Nguyễn-Hồng-Ngọc-Huy.cpp","similarity":1.0},{"first_submission":"D_574_2280600784_Nguyễn-Nhật-Hà.cpp","second_submission":"D_573_2280600784_Nguyễn-Nhật-Hà.cpp","similarity":1.0},{"first_submission":"D_574_2280600784_Nguyễn-Nhật-Hà.cpp","second_submission":"D_337_2280601181_Nguyễn-Hồng-Ngọc-Huy.cpp","similarity":1.0},{"first_submission":"C_234_2280600368_Nguyễn-Quí-Danh.cpp","second_submission":"C_295_2280600925_Bùi-Thanh-Hiệp.cpp","similarity":1.0},{"first_submission":"C_234_2280600368_Nguyễn-Quí-Danh.cpp","second_submission":"C_277_2280601181_Nguyễn-Hồng-Ngọc-Huy.cpp","similarity":1.0},{"first_submission":"C_234_2280600368_Nguyễn-Quí-Danh.cpp","second_submission":"D_325_2280600925_Bùi-Thanh-Hiệp.cpp","similarity":1.0},{"first_submission":"C_234_2280600368_Nguyễn-Quí-Danh.cpp","second_submission":"C_311_2280600849_Phạm-Đình-Hào.cpp","similarity":1.0},{"first_submission":"C_234_2280600368_Nguyễn-Quí-Danh.cpp","second_submission":"C_355_2280601021_Đặng-Lê-Hoàng.cpp","similarity":1.0},{"first_submission":"C_234_2280600368_Nguyễn-Quí-Danh.cpp","second_submission":"C_572_2280600784_Nguyễn-Nhật-Hà.cpp","similarity":1.0},{"first_submission":"A_242_2280601754_Lê-Hoàng-Long.cpp","second_submission":"A_336_2280600587_Lê-Phát-Đạt.cpp","similarity":1.0},{"first_submission":"A_242_2280601754_Lê-Hoàng-Long.cpp","second_submission":"A_262_2280601784_Nguyễn-Văn-Hoàng-Long.cpp","similarity":1.0},{"first_submission":"A_242_2280601754_Lê-Hoàng-Long.cpp","second_submission":"A_285_2280602017_Nguyễn-Nhật-Nam.cpp","similarity":1.0},{"first_submission":"C_567_2280601754_Lê-Hoàng-Long.cpp","second_submission":"C_563_2280601806_Lê-Hữu-Lộc.cpp","similarity":1.0},{"first_submission":"A_306_2280602129_Trịnh-Nguyễn-Bảo-Nguyên.cpp","second_submission":"A_278_2280600368_Nguyễn-Quí-Danh.cpp","similarity":1.0},{"first_submission":"C_295_2280600925_Bùi-Thanh-Hiệp.cpp","second_submission":"C_277_2280601181_Nguyễn-Hồng-Ngọc-Huy.cpp","similarity":1.0},{"first_submission":"C_295_2280600925_Bùi-Thanh-Hiệp.cpp","second_submission":"D_325_2280600925_Bùi-Thanh-Hiệp.cpp","similarity":1.0},{"first_submission":"C_295_2280600925_Bùi-Thanh-Hiệp.cpp","second_submission":"C_311_2280600849_Phạm-Đình-Hào.cpp","similarity":1.0},{"first_submission":"C_295_2280600925_Bùi-Thanh-Hiệp.cpp","second_submission":"C_355_2280601021_Đặng-Lê-Hoàng.cpp","similarity":1.0},{"first_submission":"C_295_2280600925_Bùi-Thanh-Hiệp.cpp","second_submission":"C_572_2280600784_Nguyễn-Nhật-Hà.cpp","similarity":1.0},{"first_submission":"C_277_2280601181_Nguyễn-Hồng-Ngọc-Huy.cpp","second_submission":"D_325_2280600925_Bùi-Thanh-Hiệp.cpp","similarity":1.0},{"first_submission":"C_277_2280601181_Nguyễn-Hồng-Ngọc-Huy.cpp","second_submission":"C_311_2280600849_Phạm-Đình-Hào.cpp","similarity":1.0},{"first_submission":"C_277_2280601181_Nguyễn-Hồng-Ngọc-Huy.cpp","second_submission":"C_355_2280601021_Đặng-Lê-Hoàng.cpp","similarity":1.0},{"first_submission":"C_277_2280601181_Nguyễn-Hồng-Ngọc-Huy.cpp","second_submission":"C_572_2280600784_Nguyễn-Nhật-Hà.cpp","similarity":1.0},{"first_submission":"A_247_2280601021_Đặng-Lê-Hoàng.cpp","second_submission":"A_184_2280601181_Nguyễn-Hồng-Ngọc-Huy.cpp","similarity":1.0},{"first_submission":"A_247_2280601021_Đặng-Lê-Hoàng.cpp","second_submission":"A_150_2280600849_Phạm-Đình-Hào.cpp","similarity":1.0},{"first_submission":"A_210_2280601880_Bùi-Lê-Thị-Trúc-Ly.cpp","second_submission":"A_240_2280601133_Đặng-Hoàng-Huy.cpp","similarity":1.0},{"first_submission":"D_573_2280600784_Nguyễn-Nhật-Hà.cpp","second_submission":"D_337_2280601181_Nguyễn-Hồng-Ngọc-Huy.cpp","similarity":1.0},{"first_submission":"A_336_2280600587_Lê-Phát-Đạt.cpp","second_submission":"A_262_2280601784_Nguyễn-Văn-Hoàng-Long.cpp","similarity":1.0},{"first_submission":"A_336_2280600587_Lê-Phát-Đạt.cpp","second_submission":"A_285_2280602017_Nguyễn-Nhật-Nam.cpp","similarity":1.0},{"first_submission":"B_359_2280601021_Đặng-Lê-Hoàng.cpp","second_submission":"B_203_2280600368_Nguyễn-Quí-Danh.cpp","similarity":1.0},{"first_submission":"B_359_2280601021_Đặng-Lê-Hoàng.cpp","second_submission":"B_232_2280601181_Nguyễn-Hồng-Ngọc-Huy.cpp","similarity":1.0},{"first_submission":"B_359_2280601021_Đặng-Lê-Hoàng.cpp","second_submission":"B_610_2280600943_Hoàng-Trung-Hiếu.cpp","similarity":1.0},{"first_submission":"D_325_2280600925_Bùi-Thanh-Hiệp.cpp","second_submission":"C_311_2280600849_Phạm-Đình-Hào.cpp","similarity":1.0},{"first_submission":"D_325_2280600925_Bùi-Thanh-Hiệp.cpp","second_submission":"C_355_2280601021_Đặng-Lê-Hoàng.cpp","similarity":1.0},{"first_submission":"D_325_2280600925_Bùi-Thanh-Hiệp.cpp","second_submission":"C_572_2280600784_Nguyễn-Nhật-Hà.cpp","similarity":1.0},{"first_submission":"C_311_2280600849_Phạm-Đình-Hào.cpp","second_submission":"C_355_2280601021_Đặng-Lê-Hoàng.cpp","similarity":1.0},{"first_submission":"C_311_2280600849_Phạm-Đình-Hào.cpp","second_submission":"C_572_2280600784_Nguyễn-Nhật-Hà.cpp","similarity":1.0},{"first_submission":"A_190_2280600943_Hoàng-Trung-Hiếu.cpp","second_submission":"A_297_2280601990_Đỗ-Hoàng-Nam.cpp","similarity":1.0},{"first_submission":"A_190_2280600943_Hoàng-Trung-Hiếu.cpp","second_submission":"A_245_2280600263_Lê-Thanh-Bình.cpp","similarity":1.0},{"first_submission":"A_190_2280600943_Hoàng-Trung-Hiếu.cpp","second_submission":"A_299_2280601990_Đỗ-Hoàng-Nam.cpp","similarity":1.0},{"first_submission":"A_262_2280601784_Nguyễn-Văn-Hoàng-Long.cpp","second_submission":"A_285_2280602017_Nguyễn-Nhật-Nam.cpp","similarity":1.0},{"first_submission":"B_327_2280601784_Nguyễn-Văn-Hoàng-Long.cpp","second_submission":"B_308_2280601733_Trần-Thị-Diệu-Linh.cpp","similarity":1.0},{"first_submission":"B_327_2280601784_Nguyễn-Văn-Hoàng-Long.cpp","second_submission":"B_326_2280601754_Lê-Hoàng-Long.cpp","similarity":1.0},{"first_submission":"B_327_2280601784_Nguyễn-Văn-Hoàng-Long.cpp","second_submission":"B_286_2280601665_Nguyễn-Xuân-Kin.cpp","similarity":1.0},{"first_submission":"B_308_2280601733_Trần-Thị-Diệu-Linh.cpp","second_submission":"B_326_2280601754_Lê-Hoàng-Long.cpp","similarity":1.0},{"first_submission":"B_308_2280601733_Trần-Thị-Diệu-Linh.cpp","second_submission":"B_286_2280601665_Nguyễn-Xuân-Kin.cpp","similarity":1.0},{"first_submission":"C_355_2280601021_Đặng-Lê-Hoàng.cpp","second_submission":"C_572_2280600784_Nguyễn-Nhật-Hà.cpp","similarity":1.0},{"first_submission":"B_326_2280601754_Lê-Hoàng-Long.cpp","second_submission":"B_286_2280601665_Nguyễn-Xuân-Kin.cpp","similarity":1.0},{"first_submission":"B_203_2280600368_Nguyễn-Quí-Danh.cpp","second_submission":"B_232_2280601181_Nguyễn-Hồng-Ngọc-Huy.cpp","similarity":1.0},{"first_submission":"B_203_2280600368_Nguyễn-Quí-Danh.cpp","second_submission":"B_610_2280600943_Hoàng-Trung-Hiếu.cpp","similarity":1.0},{"first_submission":"A_297_2280601990_Đỗ-Hoàng-Nam.cpp","second_submission":"A_245_2280600263_Lê-Thanh-Bình.cpp","similarity":1.0},{"first_submission":"A_297_2280601990_Đỗ-Hoàng-Nam.cpp","second_submission":"A_299_2280601990_Đỗ-Hoàng-Nam.cpp","similarity":1.0},{"first_submission":"A_184_2280601181_Nguyễn-Hồng-Ngọc-Huy.cpp","second_submission":"A_150_2280600849_Phạm-Đình-Hào.cpp","similarity":1.0},{"first_submission":"A_245_2280600263_Lê-Thanh-Bình.cpp","second_submission":"A_299_2280601990_Đỗ-Hoàng-Nam.cpp","similarity":1.0},{"first_submission":"C_565_2280601784_Nguyễn-Văn-Hoàng-Long.cpp","second_submission":"C_399_2280601665_Nguyễn-Xuân-Kin.cpp","similarity":1.0},{"first_submission":"B_232_2280601181_Nguyễn-Hồng-Ngọc-Huy.cpp","second_submission":"B_610_2280600943_Hoàng-Trung-Hiếu.cpp","similarity":1.0},{"first_submission":"D_520_2280601665_Nguyễn-Xuân-Kin.cpp","second_submission":"D_566_2280601806_Lê-Hữu-Lộc.cpp","similarity":0.9523809523809523},{"first_submission":"D_568_2280601784_Nguyễn-Văn-Hoàng-Long.cpp","second_submission":"D_566_2280601806_Lê-Hữu-Lộc.cpp","similarity":0.9523809523809523},{"first_submission":"B_330_2280601133_Đặng-Hoàng-Huy.cpp","second_submission":"B_345_2280601117_Trần-Phi-Hùng.cpp","similarity":0.9444444444444444},{"first_submission":"C_565_2280601784_Nguyễn-Văn-Hoàng-Long.cpp","second_submission":"C_567_2280601754_Lê-Hoàng-Long.cpp","similarity":0.9375},{"first_submission":"C_399_2280601665_Nguyễn-Xuân-Kin.cpp","second_submission":"C_567_2280601754_Lê-Hoàng-Long.cpp","similarity":0.9375},{"first_submission":"B_332_2280601880_Bùi-Lê-Thị-Trúc-Ly.cpp","second_submission":"B_338_2280601880_Bùi-Lê-Thị-Trúc-Ly.cpp","similarity":0.9375},{"first_submission":"C_565_2280601784_Nguyễn-Văn-Hoàng-Long.cpp","second_submission":"C_563_2280601806_Lê-Hữu-Lộc.cpp","similarity":0.9375},{"first_submission":"C_399_2280601665_Nguyễn-Xuân-Kin.cpp","second_submission":"C_563_2280601806_Lê-Hữu-Lộc.cpp","similarity":0.9375},{"first_submission":"A_210_2280601880_Bùi-Lê-Thị-Trúc-Ly.cpp","second_submission":"A_306_2280602129_Trịnh-Nguyễn-Bảo-Nguyên.cpp","similarity":0.9285714285714286},{"first_submission":"A_240_2280601133_Đặng-Hoàng-Huy.cpp","second_submission":"A_306_2280602129_Trịnh-Nguyễn-Bảo-Nguyên.cpp","similarity":0.9285714285714286},{"first_submission":"A_210_2280601880_Bùi-Lê-Thị-Trúc-Ly.cpp","second_submission":"A_278_2280600368_Nguyễn-Quí-Danh.cpp","similarity":0.9285714285714286},{"first_submission":"A_240_2280601133_Đặng-Hoàng-Huy.cpp","second_submission":"A_278_2280600368_Nguyễn-Quí-Danh.cpp","similarity":0.9285714285714286},{"first_submission":"B_348_2280601971_Từ-Quang-Minh.cpp","second_submission":"B_353_2280600970_Phạm-Hoàng-Phi-Hiếu.cpp","similarity":0.9230769230769231},{"first_submission":"B_332_2280601880_Bùi-Lê-Thị-Trúc-Ly.cpp","second_submission":"B_330_2280601133_Đặng-Hoàng-Huy.cpp","similarity":0.875},{"first_submission":"B_332_2280601880_Bùi-Lê-Thị-Trúc-Ly.cpp","second_submission":"B_345_2280601117_Trần-Phi-Hùng.cpp","similarity":0.875},{"first_submission":"A_210_2280601880_Bùi-Lê-Thị-Trúc-Ly.cpp","second_submission":"A_180_2280600009_Hoàng-Kim-Thái-An.cpp","similarity":0.8571428571428571},{"first_submission":"A_240_2280601133_Đặng-Hoàng-Huy.cpp","second_submission":"A_180_2280600009_Hoàng-Kim-Thái-An.cpp","similarity":0.8571428571428571},{"first_submission":"A_210_2280601880_Bùi-Lê-Thị-Trúc-Ly.cpp","second_submission":"A_190_2280600943_Hoàng-Trung-Hiếu.cpp","similarity":0.8571428571428571},{"first_submission":"A_210_2280601880_Bùi-Lê-Thị-Trúc-Ly.cpp","second_submission":"A_297_2280601990_Đỗ-Hoàng-Nam.cpp","similarity":0.8571428571428571},{"first_submission":"A_210_2280601880_Bùi-Lê-Thị-Trúc-Ly.cpp","second_submission":"A_245_2280600263_Lê-Thanh-Bình.cpp","similarity":0.8571428571428571},{"first_submission":"A_210_2280601880_Bùi-Lê-Thị-Trúc-Ly.cpp","second_submission":"A_299_2280601990_Đỗ-Hoàng-Nam.cpp","similarity":0.8571428571428571},{"first_submission":"A_240_2280601133_Đặng-Hoàng-Huy.cpp","second_submission":"A_190_2280600943_Hoàng-Trung-Hiếu.cpp","similarity":0.8571428571428571},{"first_submission":"A_240_2280601133_Đặng-Hoàng-Huy.cpp","second_submission":"A_297_2280601990_Đỗ-Hoàng-Nam.cpp","similarity":0.8571428571428571},{"first_submission":"A_240_2280601133_Đặng-Hoàng-Huy.cpp","second_submission":"A_245_2280600263_Lê-Thanh-Bình.cpp","similarity":0.8571428571428571},{"first_submission":"A_240_2280601133_Đặng-Hoàng-Huy.cpp","second_submission":"A_299_2280601990_Đỗ-Hoàng-Nam.cpp","similarity":0.8571428571428571},{"first_submission":"B_338_2280601880_Bùi-Lê-Thị-Trúc-Ly.cpp","second_submission":"B_330_2280601133_Đặng-Hoàng-Huy.cpp","similarity":0.8235294117647058},{"first_submission":"B_338_2280601880_Bùi-Lê-Thị-Trúc-Ly.cpp","second_submission":"B_345_2280601117_Trần-Phi-Hùng.cpp","similarity":0.8235294117647058},{"first_submission":"A_306_2280602129_Trịnh-Nguyễn-Bảo-Nguyên.cpp","second_submission":"A_180_2280600009_Hoàng-Kim-Thái-An.cpp","similarity":0.8},{"first_submission":"A_306_2280602129_Trịnh-Nguyễn-Bảo-Nguyên.cpp","second_submission":"A_190_2280600943_Hoàng-Trung-Hiếu.cpp","similarity":0.8},{"first_submission":"A_306_2280602129_Trịnh-Nguyễn-Bảo-Nguyên.cpp","second_submission":"A_297_2280601990_Đỗ-Hoàng-Nam.cpp","similarity":0.8},{"first_submission":"A_306_2280602129_Trịnh-Nguyễn-Bảo-Nguyên.cpp","second_submission":"A_245_2280600263_Lê-Thanh-Bình.cpp","similarity":0.8},{"first_submission":"A_306_2280602129_Trịnh-Nguyễn-Bảo-Nguyên.cpp","second_submission":"A_299_2280601990_Đỗ-Hoàng-Nam.cpp","similarity":0.8}],"description":"Maximum of both program coverages. This ranking is especially useful if the programs are very different in size. This can happen when dead code was inserted to disguise the origin of the plagiarized program."}],"clusters":[{"average_similarity":0.8382195029253853,"strength":0.031180105401242074,"members":["B_330_2280601133_Đặng-Hoàng-Huy.cpp","B_345_2280601117_Trần-Phi-Hùng.cpp","B_332_2280601880_Bùi-Lê-Thị-Trúc-Ly.cpp","B_338_2280601880_Bùi-Lê-Thị-Trúc-Ly.cpp"]},{"average_similarity":0.8424483994561859,"strength":0.15653768663293405,"members":["A_306_2280602129_Trịnh-Nguyễn-Bảo-Nguyên.cpp","A_278_2280600368_Nguyễn-Quí-Danh.cpp","A_210_2280601880_Bùi-Lê-Thị-Trúc-Ly.cpp","A_240_2280601133_Đặng-Hoàng-Huy.cpp","A_190_2280600943_Hoàng-Trung-Hiếu.cpp","A_297_2280601990_Đỗ-Hoàng-Nam.cpp","A_245_2280600263_Lê-Thanh-Bình.cpp","A_299_2280601990_Đỗ-Hoàng-Nam.cpp","A_180_2280600009_Hoàng-Kim-Thái-An.cpp"]},{"average_similarity":1.0,"strength":0.059956849198334265,"members":["B_202_2280600368_Nguyễn-Quí-Danh.cpp","B_359_2280601021_Đặng-Lê-Hoàng.cpp","B_203_2280600368_Nguyễn-Quí-Danh.cpp","B_232_2280601181_Nguyễn-Hồng-Ngọc-Huy.cpp","B_610_2280600943_Hoàng-Trung-Hiếu.cpp"]},{"average_similarity":0.7704758291916717,"strength":0.24741428637740354,"members":["D_349_2280600849_Phạm-Đình-Hào.cpp","D_574_2280600784_Nguyễn-Nhật-Hà.cpp","D_573_2280600784_Nguyễn-Nhật-Hà.cpp","D_337_2280601181_Nguyễn-Hồng-Ngọc-Huy.cpp","C_234_2280600368_Nguyễn-Quí-Danh.cpp","C_295_2280600925_Bùi-Thanh-Hiệp.cpp","C_277_2280601181_Nguyễn-Hồng-Ngọc-Huy.cpp","D_325_2280600925_Bùi-Thanh-Hiệp.cpp","C_311_2280600849_Phạm-Đình-Hào.cpp","C_355_2280601021_Đặng-Lê-Hoàng.cpp","C_572_2280600784_Nguyễn-Nhật-Hà.cpp","D_322_2280600368_Nguyễn-Quí-Danh.cpp","B_221_2280600925_Bùi-Thanh-Hiệp.cpp","C_351_2280600943_Hoàng-Trung-Hiếu.cpp"]},{"average_similarity":0.8888888888888888,"strength":0.005661851756161234,"members":["B_348_2280601971_Từ-Quang-Minh.cpp","B_353_2280600970_Phạm-Hoàng-Phi-Hiếu.cpp"]},{"average_similarity":0.5212778373662436,"strength":0.1276890639467166,"members":["B_584_2280600587_Lê-Phát-Đạt.cpp","B_327_2280601784_Nguyễn-Văn-Hoàng-Long.cpp","B_308_2280601733_Trần-Thị-Diệu-Linh.cpp","B_326_2280601754_Lê-Hoàng-Long.cpp","B_286_2280601665_Nguyễn-Xuân-Kin.cpp","D_520_2280601665_Nguyễn-Xuân-Kin.cpp","D_568_2280601784_Nguyễn-Văn-Hoàng-Long.cpp","D_566_2280601806_Lê-Hữu-Lộc.cpp","D_569_2280601754_Lê-Hoàng-Long.cpp","B_172_2280600849_Phạm-Đình-Hào.cpp"]},{"average_similarity":0.6486486486486487,"strength":0.004138016505803097,"members":["B_179_2280600001_Nguyễn-Ân.cpp","B_592_2280600009_Hoàng-Kim-Thái-An.cpp"]},{"average_similarity":1.0,"strength":0.036959012373429335,"members":["A_242_2280601754_Lê-Hoàng-Long.cpp","A_336_2280600587_Lê-Phát-Đạt.cpp","A_262_2280601784_Nguyễn-Văn-Hoàng-Long.cpp","A_285_2280602017_Nguyễn-Nhật-Nam.cpp"]},{"average_similarity":0.9393939393939394,"strength":0.03480318239070715,"members":["C_567_2280601754_Lê-Hoàng-Long.cpp","C_563_2280601806_Lê-Hữu-Lộc.cpp","C_565_2280601784_Nguyễn-Văn-Hoàng-Long.cpp","C_399_2280601665_Nguyễn-Xuân-Kin.cpp"]},{"average_similarity":1.0,"strength":0.01884884475712546,"members":["A_247_2280601021_Đặng-Lê-Hoàng.cpp","A_184_2280601181_Nguyễn-Hồng-Ngọc-Huy.cpp","A_150_2280600849_Phạm-Đình-Hào.cpp"]},{"average_similarity":1.0,"strength":0.006365023490244218,"members":["A_187_2280600693_Lê-Quý-Đôn.cpp","A_276_2280600060_Lê-Hoàng-Anh.cpp"]}],"total_comparisons":3160}